Date,Date(UK),O,H,L,C,V,ADA-USD
03/25/2022,2022-03-25,0.7438,0.7438,0.6446,0.6737,1034,1.097888
03/26/2022,2022-03-26,0.6737,0.6737,0.6347,0.6447,490.062,1.150594
03/27/2022,2022-03-27,0.6447,0.6946,0.6313,0.641,822.914,1.182148
03/28/2022,2022-03-28,0.641,0.6411,0.6198,0.6224,280.451,1.170184
03/29/2022,2022-03-29,0.6224,0.6224,0.6082,0.6086,174.773,1.191112
03/30/2022,2022-03-30,0.6086,0.6109,0.5902,0.5903,283.35,1.190385
03/31/2022,2022-03-31,0.5903,0.5903,0.5705,0.5811,327.244,1.141851
04/01/2022,2022-04-01,0.5811,0.5874,0.5646,0.5666,254.528,1.165425
04/02/2022,2022-04-02,0.5666,0.5683,0.5619,0.5664,92.015,1.156007
04/03/2022,2022-04-03,0.5664,0.5673,0.56,0.5606,67.933,1.185941
04/04/2022,2022-04-04,0.5606,0.5771,0.56,0.5699,271.429,1.212945
04/05/2022,2022-04-05,0.5699,0.5742,0.5695,0.572,115.044,1.170801
04/06/2022,2022-04-06,0.572,0.5887,0.572,0.5795,243.941,1.052771
04/07/2022,2022-04-07,0.5795,0.5832,0.5675,0.5697,243.51,1.091894
04/08/2022,2022-04-08,0.5697,0.5808,0.5695,0.5808,104.728,1.026326
04/09/2022,2022-04-09,0.5808,0.5832,0.574,0.574,197.171,1.045015
04/10/2022,2022-04-10,0.574,0.5806,0.5696,0.5716,184.422,1.030885
04/11/2022,2022-04-11,0.5716,0.5937,0.5713,0.5849,456.513,0.92045
04/12/2022,2022-04-12,0.5849,0.5942,0.5778,0.5922,377.296,0.955145
04/13/2022,2022-04-13,0.5922,0.6001,0.5853,0.5959,330.07,0.974696
04/14/2022,2022-04-14,0.5959,0.6058,0.5959,0.6058,115.597,0.932412
04/15/2022,2022-04-15,0.6058,0.6143,0.6045,0.6099,164.298,0.954717
04/16/2022,2022-04-16,0.6099,0.6168,0.6098,0.6129,103.11,0.95264
04/17/2022,2022-04-17,0.6129,0.6155,0.6102,0.6155,38.528,0.917466
04/18/2022,2022-04-18,0.6155,0.6229,0.61,0.61,118.153,0.93673
04/19/2022,2022-04-19,0.61,0.6128,0.5965,0.5966,175.243,0.953333
04/20/2022,2022-04-20,0.5966,0.5981,0.5815,0.5828,328,0.937341
04/21/2022,2022-04-21,0.5828,0.5828,0.574,0.5753,73.686,0.910474
04/22/2022,2022-04-22,0.5753,0.5778,0.558,0.5643,234.757,0.907154
04/23/2022,2022-04-23,0.5643,0.5661,0.563,0.5649,36.564,0.888503
04/24/2022,2022-04-24,0.5649,0.566,0.525,0.5392,732.658,0.88635
04/25/2022,2022-04-25,0.5392,0.5499,0.533,0.5341,461.236,0.898695
04/26/2022,2022-04-26,0.5341,0.5349,0.5256,0.53,158.612,0.827645
04/27/2022,2022-04-27,0.53,0.5346,0.5278,0.5326,64.039,0.840595
04/28/2022,2022-04-28,0.5326,0.5369,0.5187,0.5267,145.195,0.84395
04/29/2022,2022-04-29,0.5267,0.5312,0.5152,0.5188,217.519,0.805043
04/30/2022,2022-04-30,0.5188,0.5193,0.5103,0.5177,94.869,0.75666
05/01/2022,2022-05-01,0.5177,0.5219,0.5123,0.5139,120.764,0.790344
05/02/2022,2022-05-02,0.5139,0.5193,0.5016,0.5113,285.351,0.781529
05/03/2022,2022-05-03,0.5113,0.5113,0.477,0.4998,376.256,0.771145
05/04/2022,2022-05-04,0.4998,0.5027,0.4672,0.4672,523.162,0.896942
05/05/2022,2022-05-05,0.4672,0.4899,0.4672,0.489,185.407,0.791152
05/06/2022,2022-05-06,0.489,0.4893,0.4842,0.4871,63.401,0.783359
05/07/2022,2022-05-07,0.4871,0.5003,0.4871,0.5003,161.997,0.761882
05/08/2022,2022-05-08,0.5003,0.5067,0.4993,0.5051,62.875,0.739563
05/09/2022,2022-05-09,0.5051,0.5181,0.4943,0.4991,853.801,0.610088
05/10/2022,2022-05-10,0.4991,0.5033,0.4918,0.5008,200.939,0.628963
05/11/2022,2022-05-11,0.5008,0.5063,0.4913,0.4946,553.141,0.5128
05/12/2022,2022-05-12,0.4946,0.496,0.439,0.4613,1128,0.473746
05/13/2022,2022-05-13,0.4613,0.4618,0.4559,0.458,131.3,0.528877
05/14/2022,2022-05-14,0.458,0.458,0.4514,0.4518,69.078,0.539358
05/15/2022,2022-05-15,0.4518,0.4525,0.4488,0.4496,64.6,0.5975
05/16/2022,2022-05-16,0.4496,0.4536,0.4451,0.4506,132.826,0.556716
05/17/2022,2022-05-17,0.4506,0.4557,0.449,0.4503,101.961,0.578077
05/18/2022,2022-05-18,0.4503,0.4577,0.4503,0.4573,68.242,0.505615
05/19/2022,2022-05-19,0.4573,0.4595,0.4564,0.4575,44.513,0.533321
05/20/2022,2022-05-20,0.4575,0.4575,0.4514,0.4545,69.969,0.517907
05/21/2022,2022-05-21,0.4545,0.4561,0.4525,0.4553,43.748,0.528314
05/22/2022,2022-05-22,0.4553,0.4553,0.4529,0.4535,17.879,0.542618
05/23/2022,2022-05-23,0.4535,0.464,0.4528,0.464,219.386,0.512605
05/24/2022,2022-05-24,0.464,0.4746,0.464,0.4701,148.456,0.521224
05/25/2022,2022-05-25,0.4701,0.477,0.4604,0.4604,207.584,0.513877
05/26/2022,2022-05-26,0.4604,0.4606,0.4446,0.457,287.233,0.480883
05/27/2022,2022-05-27,0.457,0.4731,0.457,0.4713,182.059,0.455507
05/28/2022,2022-05-28,0.4713,0.4743,0.4688,0.4742,72.521,0.464764
05/29/2022,2022-05-29,0.4742,0.4767,0.4713,0.4767,67.086,0.481126
05/30/2022,2022-05-30,0.4767,0.5108,0.4681,0.489,524.659,0.570073
05/31/2022,2022-05-31,0.489,0.4983,0.4835,0.4896,231.084,0.625254
06/01/2022,2022-06-01,0.4896,0.511,0.4886,0.4991,437.609,0.55275
06/02/2022,2022-06-02,0.4991,0.5084,0.4968,0.5084,252.442,0.587795
06/03/2022,2022-06-03,0.5084,0.5125,0.5023,0.5054,185.055,0.559658
06/04/2022,2022-06-04,0.5054,0.5073,0.4999,0.5021,99.971,0.566069
06/05/2022,2022-06-05,0.5021,0.5042,0.4988,0.499,109.297,0.56709
06/06/2022,2022-06-06,0.499,0.4994,0.4882,0.4906,216.971,0.609328
06/07/2022,2022-06-07,0.4906,0.5098,0.4902,0.5026,230.603,0.615445
06/08/2022,2022-06-08,0.5026,0.5034,0.4861,0.4929,166.907,0.641614
06/09/2022,2022-06-09,0.4929,0.5043,0.4929,0.4969,160.429,0.63292
06/10/2022,2022-06-10,0.4969,0.498,0.4915,0.4966,84.369,0.574216
06/11/2022,2022-06-11,0.4966,0.4966,0.4863,0.4929,106.715,0.552777
06/12/2022,2022-06-12,0.4929,0.4984,0.4913,0.4977,200.435,0.496861
06/13/2022,2022-06-13,0.4977,0.5064,0.4859,0.486,273.908,0.463133
06/14/2022,2022-06-14,0.486,0.5037,0.4828,0.5029,175.547,0.484386
06/15/2022,2022-06-15,0.5029,0.5031,0.488,0.4953,235.499,0.533296
06/16/2022,2022-06-16,0.4953,0.4979,0.492,0.4937,67.902,0.475022
06/17/2022,2022-06-17,0.4937,0.496,0.4909,0.4925,111.367,0.487392
06/18/2022,2022-06-18,0.4925,0.4925,0.474,0.4803,233.671,0.456182
06/19/2022,2022-06-19,0.4803,0.4827,0.4803,0.4806,42.842,0.484364
06/20/2022,2022-06-20,0.4806,0.4811,0.4765,0.4793,57.773,0.492261
06/21/2022,2022-06-21,0.4793,0.4882,0.4786,0.4852,136.159,0.479204
06/22/2022,2022-06-22,0.4852,0.491,0.4743,0.4746,154.25,0.458568
06/23/2022,2022-06-23,0.4746,0.4746,0.4669,0.4703,67.1,0.480292
06/24/2022,2022-06-24,0.4703,0.4759,0.4667,0.4726,99.995,0.499224
06/25/2022,2022-06-25,0.4726,0.4804,0.4711,0.4726,148.92,0.498946
06/26/2022,2022-06-26,0.4726,0.4737,0.4692,0.4737,43.265,0.489653
06/27/2022,2022-06-27,0.4737,0.4798,0.472,0.4742,108.085,0.48579
06/28/2022,2022-06-28,0.4742,0.476,0.4668,0.4704,116.877,0.469671
06/29/2022,2022-06-29,0.4704,0.4709,0.4623,0.4624,76.846,0.465509
06/30/2022,2022-06-30,0.4624,0.4636,0.4575,0.4634,125.081,0.458849
07/01/2022,2022-07-01,0.4634,0.4805,0.4577,0.4797,290.277,0.448089
07/02/2022,2022-07-02,0.4797,0.4803,0.4758,0.4758,39.545,0.456351
07/03/2022,2022-07-03,0.4758,0.4803,0.4741,0.4782,46.219,0.455587
07/04/2022,2022-07-04,0.4782,0.4784,0.4731,0.4734,35.273,0.469644
07/05/2022,2022-07-05,0.4734,0.4752,0.4691,0.4707,76.135,0.457632
07/06/2022,2022-07-06,0.4707,0.4743,0.4619,0.4619,81.466,0.462179
07/07/2022,2022-07-07,0.4619,0.4621,0.4513,0.4595,104.228,0.477812
07/08/2022,2022-07-08,0.4595,0.4595,0.451,0.4512,54.563,0.467311
07/09/2022,2022-07-09,0.4512,0.452,0.4426,0.4426,80.203,0.47876
07/10/2022,2022-07-10,0.4426,0.4448,0.4424,0.444,21.7,0.46322
07/11/2022,2022-07-11,0.444,0.4492,0.4408,0.449,152.676,0.43552
07/12/2022,2022-07-12,0.449,0.4491,0.4368,0.444,108.438,0.417928
07/13/2022,2022-07-13,0.444,0.4443,0.4237,0.4305,145.113,0.438108
07/14/2022,2022-07-14,0.4305,0.4356,0.4305,0.4331,57.964,0.441025
07/15/2022,2022-07-15,0.4331,0.4335,0.4283,0.4286,103.843,0.442456
07/16/2022,2022-07-16,0.4286,0.4307,0.4286,0.4292,20.018,0.45723
07/17/2022,2022-07-17,0.4292,0.4301,0.4238,0.4268,61.964,0.447353
07/18/2022,2022-07-18,0.4268,0.4344,0.4268,0.432,89.122,0.492543
07/19/2022,2022-07-19,0.432,0.4339,0.4299,0.4308,62.124,0.515768
07/20/2022,2022-07-20,0.4308,0.4454,0.4283,0.443,302.593,0.491043
07/21/2022,2022-07-21,0.443,0.4488,0.443,0.4456,73.11,0.500098
07/22/2022,2022-07-22,0.4456,0.4584,0.4456,0.4483,121.973,0.483946
07/23/2022,2022-07-23,0.4483,0.4498,0.4465,0.4466,39.94,0.517368
07/24/2022,2022-07-24,0.4466,0.4596,0.446,0.4533,298.745,0.513814
07/25/2022,2022-07-25,0.4533,0.5027,0.4509,0.4718,614.192,0.47625
07/26/2022,2022-07-26,0.4718,0.5137,0.4718,0.4826,580.229,0.467607
07/27/2022,2022-07-27,0.4826,0.4897,0.4795,0.4854,223.004,0.510553
07/28/2022,2022-07-28,0.4854,0.4872,0.484,0.4854,65.799,0.513328
07/29/2022,2022-07-29,0.4854,0.4863,0.4771,0.4771,113.568,0.523335
07/30/2022,2022-07-30,0.4771,0.4806,0.4524,0.454,255.016,0.525576
07/31/2022,2022-07-31,0.454,0.4541,0.4057,0.4112,588.922,0.51702
08/01/2022,2022-08-01,0.4112,0.4156,0.3993,0.409,390.545,0.514123
08/02/2022,2022-08-02,0.409,0.4179,0.408,0.4128,215.799,0.496833
08/03/2022,2022-08-03,0.4128,0.4216,0.4117,0.4182,165.252,0.500988
08/04/2022,2022-08-04,0.4182,0.423,0.4181,0.4223,89.309,0.499668
08/05/2022,2022-08-05,0.4223,0.4239,0.4177,0.4225,156.012,0.517503
08/06/2022,2022-08-06,0.4225,0.4228,0.4206,0.4212,26.045,0.511256
08/07/2022,2022-08-07,0.4212,0.4247,0.4212,0.4233,45.621,0.52747
08/08/2022,2022-08-08,0.4233,0.4238,0.42,0.42,61.233,0.536596
08/09/2022,2022-08-09,0.42,0.422,0.4185,0.4214,79.93,0.514052
08/10/2022,2022-08-10,0.4214,0.4237,0.4202,0.4237,101.069,0.537093
08/11/2022,2022-08-11,0.4237,0.4247,0.4139,0.4189,210.546,0.531258
08/12/2022,2022-08-12,0.4189,0.4225,0.4187,0.4207,101.817,0.540753
08/13/2022,2022-08-13,0.4207,0.4213,0.4125,0.4125,89.18,0.559813
08/14/2022,2022-08-14,0.4125,0.4194,0.4106,0.4108,169.74,0.570343
08/15/2022,2022-08-15,0.4108,0.4201,0.4108,0.4179,104.151,0.551171
08/16/2022,2022-08-16,0.4179,0.4206,0.4165,0.4189,68.764,0.557915
08/17/2022,2022-08-17,0.4189,0.4301,0.418,0.4295,100.447,0.537038
08/18/2022,2022-08-18,0.4295,0.4309,0.4276,0.4297,101.393,0.512633
08/19/2022,2022-08-19,0.4297,0.4518,0.4297,0.4494,225.945,0.45098
08/20/2022,2022-08-20,0.4494,0.4533,0.4445,0.4533,92.998,0.451388
08/21/2022,2022-08-21,0.4533,0.4552,0.4507,0.4534,88.941,0.463546
08/22/2022,2022-08-22,0.4534,0.4578,0.4534,0.4541,71.682,0.461446
08/23/2022,2022-08-23,0.4541,0.4621,0.4541,0.4586,152.642,0.465207
08/24/2022,2022-08-24,0.4586,0.4586,0.45,0.4505,59.396,0.458109
08/25/2022,2022-08-25,0.4505,0.4536,0.4499,0.4499,53.046,0.464999
08/26/2022,2022-08-26,0.4499,0.4499,0.4406,0.4429,91.418,0.430863
08/27/2022,2022-08-27,0.4429,0.4441,0.4354,0.4358,135.127,0.449703
08/28/2022,2022-08-28,0.4358,0.4393,0.4352,0.4374,73.756,0.430049
08/29/2022,2022-08-29,0.4374,0.4486,0.4367,0.4446,115.973,0.450703
08/30/2022,2022-08-30,0.4446,0.4456,0.4434,0.4438,57.961,0.452169
08/31/2022,2022-08-31,0.4438,0.4474,0.4407,0.4437,110.29,0.446665
09/01/2022,2022-09-01,0.4437,0.469,0.4411,0.4547,294.841,0.457481
09/02/2022,2022-09-02,0.4547,0.455,0.4482,0.4487,83.519,0.454559
09/03/2022,2022-09-03,0.4487,0.4495,0.4439,0.4456,92.79,0.480387
09/04/2022,2022-09-04,0.4456,0.4581,0.4434,0.4522,150.12,0.503084
09/05/2022,2022-09-05,0.4522,0.4579,0.4493,0.4579,126.785,0.499121
09/06/2022,2022-09-06,0.4579,0.4624,0.454,0.4543,194.55,0.463066
09/07/2022,2022-09-07,0.4543,0.4544,0.4418,0.4463,104.717,0.479282
09/08/2022,2022-09-08,0.4463,0.4463,0.4396,0.4396,109.925,0.479274
09/09/2022,2022-09-09,0.4396,0.4455,0.4396,0.4409,71.711,0.50292
09/10/2022,2022-09-10,0.4409,0.4417,0.4349,0.4415,84.345,0.512422
09/11/2022,2022-09-11,0.4415,0.4438,0.4379,0.4438,74.776,0.509752
09/12/2022,2022-09-12,0.4438,0.4439,0.4348,0.4348,70.675,0.501546
09/13/2022,2022-09-13,0.4348,0.454,0.4348,0.4437,259.242,0.468881
09/14/2022,2022-09-14,0.4437,0.4551,0.4416,0.4511,249.863,0.481376
09/15/2022,2022-09-15,0.4511,0.4624,0.4509,0.4624,85.592,0.465644
09/16/2022,2022-09-16,0.4624,0.4635,0.455,0.455,107.721,0.474126
09/17/2022,2022-09-17,0.455,0.455,0.4498,0.4503,55.458,0.487156
09/18/2022,2022-09-18,0.4503,0.4625,0.4503,0.4616,111.618,0.447186
09/19/2022,2022-09-19,0.4616,0.4707,0.4606,0.4641,154.733,0.453504
09/20/2022,2022-09-20,0.4641,0.466,0.4606,0.4623,48.914,0.441899
09/21/2022,2022-09-21,0.4623,0.4623,0.4536,0.4554,253.302,0.441159
09/22/2022,2022-09-22,0.4554,0.4585,0.4271,0.434,306.401,0.458966
09/23/2022,2022-09-23,0.434,0.4346,0.4309,0.4312,69.638,0.461821
09/24/2022,2022-09-24,0.4312,0.453,0.4302,0.4457,230.2,0.4516
09/25/2022,2022-09-25,0.4457,0.4472,0.4442,0.4469,45.123,0.446188
09/26/2022,2022-09-26,0.4469,0.447,0.4408,0.441,54.378,0.446757
09/27/2022,2022-09-27,0.441,0.441,0.4386,0.4397,26.223,0.44189
09/28/2022,2022-09-28,0.4397,0.4537,0.4397,0.4533,126.538,0.43729
09/29/2022,2022-09-29,0.4533,0.4546,0.4502,0.4502,73.857,0.43817
09/30/2022,2022-09-30,0.4502,0.453,0.4502,0.452,23.058,0.434414
10/01/2022,2022-10-01,0.452,0.4654,0.452,0.4523,285.96,0.430293
10/02/2022,2022-10-02,0.4523,0.4523,0.4497,0.4502,21.593,0.419633
10/03/2022,2022-10-03,0.4502,0.4543,0.4486,0.4503,74.389,0.427998
10/04/2022,2022-10-04,0.4503,0.4503,0.4458,0.446,56.241,0.435765
10/05/2022,2022-10-05,0.446,0.467,0.4459,0.4522,465.561,0.431273
10/06/2022,2022-10-06,0.4522,0.4554,0.4465,0.4472,138.397,0.428687
10/07/2022,2022-10-07,0.4472,0.4541,0.4472,0.4518,58.01,0.42432
10/08/2022,2022-10-08,0.4518,0.4524,0.4462,0.4508,69.045,0.421736
10/09/2022,2022-10-09,0.4508,0.451,0.4489,0.449,23.775,0.423072
10/10/2022,2022-10-10,0.449,0.4492,0.4418,0.4436,94.328,0.401801
10/11/2022,2022-10-11,0.4436,0.4538,0.4436,0.4497,121.55,0.39054
10/12/2022,2022-10-12,0.4497,0.4578,0.4472,0.4499,192.627,0.3813
10/13/2022,2022-10-13,0.4499,0.4549,0.4415,0.4432,214.738,0.377638
10/14/2022,2022-10-14,0.4432,0.4603,0.4428,0.4496,179.079,0.366851
10/15/2022,2022-10-15,0.4496,0.4497,0.4396,0.4396,121.181,0.363744
10/16/2022,2022-10-16,0.4396,0.4445,0.4359,0.436,102.64,0.370281
10/17/2022,2022-10-17,0.436,0.4442,0.436,0.4442,95.879,0.372345
10/18/2022,2022-10-18,0.4442,0.4451,0.4303,0.4441,212.212,0.36182
10/19/2022,2022-10-19,0.4441,0.4547,0.4397,0.452,229.5,0.350032
10/20/2022,2022-10-20,0.452,0.4537,0.4483,0.4537,96.027,0.340254
10/21/2022,2022-10-21,0.4537,0.4551,0.4477,0.4481,94.033,0.349077
10/22/2022,2022-10-22,0.4481,0.45,0.446,0.4478,57.726,0.351409
10/23/2022,2022-10-23,0.4478,0.4495,0.4462,0.4486,47.731,0.362099
10/24/2022,2022-10-24,0.4486,0.4606,0.4458,0.4523,313.827,0.357857
10/25/2022,2022-10-25,0.4523,0.4685,0.4441,0.4564,388.611,0.401988
10/26/2022,2022-10-26,0.4564,0.4566,0.437,0.437,229.003,0.403492
10/27/2022,2022-10-27,0.437,0.437,0.4251,0.4266,247.165,0.388697
10/28/2022,2022-10-28,0.4266,0.4266,0.4174,0.421,183.927,0.404507
10/29/2022,2022-10-29,0.421,0.4215,0.41,0.4105,172.806,0.419778
10/30/2022,2022-10-30,0.4105,0.4118,0.4046,0.4077,169.76,0.406047
10/31/2022,2022-10-31,0.4077,0.4227,0.4061,0.422,203.427,0.406336
11/01/2022,2022-11-01,0.422,0.445,0.4219,0.4413,272.54,0.401402
11/02/2022,2022-11-02,0.4413,0.4546,0.4413,0.4422,402.025,0.386076
11/03/2022,2022-11-03,0.4422,0.4425,0.428,0.4291,194.66,0.38942
11/04/2022,2022-11-04,0.4291,0.4307,0.4174,0.4206,404.216,0.421525
11/05/2022,2022-11-05,0.4206,0.428,0.4167,0.4252,288.654,0.426735
11/06/2022,2022-11-06,0.4252,0.4403,0.4252,0.4403,265.695,0.403005
11/07/2022,2022-11-07,0.4403,0.4473,0.4349,0.4473,216.945,0.404259
11/08/2022,2022-11-08,0.4473,0.4546,0.4407,0.449,270.986,0.371834
11/09/2022,2022-11-09,0.449,0.4529,0.4261,0.4291,453.528,0.317837
11/10/2022,2022-11-10,0.4291,0.4329,0.4256,0.4289,313.067,0.368977
11/11/2022,2022-11-11,0.4289,0.436,0.4288,0.4296,143.634,0.354667
11/12/2022,2022-11-12,0.4296,0.4348,0.4288,0.4316,120.125,0.339144
11/13/2022,2022-11-13,0.4316,0.4342,0.4289,0.4328,193.711,0.330127
11/14/2022,2022-11-14,0.4328,0.4343,0.4304,0.4323,106.899,0.331849
11/15/2022,2022-11-15,0.4323,0.4406,0.4234,0.4299,266.31,0.337009
11/16/2022,2022-11-16,0.4299,0.4299,0.4227,0.4276,152.676,0.332382
11/17/2022,2022-11-17,0.4276,0.4321,9.4263,0.4301,140.845,0.324859
11/18/2022,2022-11-18,0.4301,0.4301,0.4253,0.4273,367.491,0.326221
11/19/2022,2022-11-19,0.4273,0.4327,0.4273,0.4278,85.357,0.328512
11/20/2022,2022-11-20,0.4278,0.4319,0.4261,0.4276,160.97,0.312307
11/21/2022,2022-11-21,0.4276,0.4298,0.4276,0.4293,42.88,0.304548
11/22/2022,2022-11-22,0.4293,0.4568,0.4241,0.4467,620.166,0.311922
11/23/2022,2022-11-23,0.4467,0.4467,0.4388,0.4401,103.555,0.318317
11/24/2022,2022-11-24,0.4401,0.4461,0.4401,0.4447,114.05,0.316458
11/25/2022,2022-11-25,0.4447,0.4498,0.442,0.445,150.902,0.314989
11/26/2022,2022-11-26,0.445,0.4465,0.4434,0.4458,73.881,0.31379
11/27/2022,2022-11-27,0.4458,0.4488,0.4458,0.4469,38.79,0.312454
11/28/2022,2022-11-28,0.4469,0.4722,0.4469,0.4605,475.836,0.3067
11/29/2022,2022-11-29,0.4605,0.4667,0.4588,0.4658,148.127,0.309372
11/30/2022,2022-11-30,0.4658,0.4957,0.4643,0.4855,729.812,0.318883
12/01/2022,2022-12-01,0.4855,0.4954,0.483,0.4939,214.509,0.314484
12/02/2022,2022-12-02,0.4939,0.53,0.4934,0.5248,680.412,0.319407
12/03/2022,2022-12-03,0.5248,0.5404,0.5219,0.5399,390.391,0.319654
12/04/2022,2022-12-04,0.5399,0.5468,0.5365,0.5371,200.842,0.32275
12/05/2022,2022-12-05,0.5371,0.5424,0.5276,0.5341,376.099,0.319517
12/06/2022,2022-12-06,0.5341,0.5509,0.5341,0.5402,286.696,0.318464
12/07/2022,2022-12-07,0.5402,0.5429,0.522,0.5355,589.705,0.31032
12/08/2022,2022-12-08,0.5355,0.5475,0.5313,0.5443,247.975,0.314843
12/09/2022,2022-12-09,0.5443,0.5546,0.5437,0.5495,198.386,0.311677
12/10/2022,2022-12-10,0.5495,0.551,0.5486,0.5498,75.965,0.312606
12/11/2022,2022-12-11,0.5498,0.5787,0.548,0.5768,280.572,0.307711
12/12/2022,2022-12-12,0.5768,0.5963,0.5756,0.5814,608.693,0.306949
12/13/2022,2022-12-13,0.5814,0.5865,0.5694,0.5774,488.928,0.312865
12/14/2022,2022-12-14,0.5774,0.5869,0.5757,0.5839,269.072,0.308134
12/15/2022,2022-12-15,0.5839,0.6069,0.5823,0.5993,753.226,0.300201
12/16/2022,2022-12-16,0.5993,0.6018,0.5856,0.5998,289.159,0.26407
12/17/2022,2022-12-17,0.5998,0.6142,0.592,0.603,309.626,0.2669
12/18/2022,2022-12-18,0.603,0.6032,0.5944,0.5945,111.933,0.266335
12/19/2022,2022-12-19,0.5945,0.6053,0.5841,0.5998,447.468,0.252944
12/20/2022,2022-12-20,0.5998,0.6044,0.5929,0.6012,189.123,0.259007
12/21/2022,2022-12-21,0.6012,0.6335,0.6002,0.6193,616.797,0.253154
12/22/2022,2022-12-22,0.6193,0.6194,0.6022,0.6022,170.932,0.256523
12/23/2022,2022-12-23,0.6022,0.6034,0.5747,0.5799,340.828,0.259429
12/24/2022,2022-12-24,0.5799,0.5815,0.5782,0.5795,96.721,0.259368
12/25/2022,2022-12-25,0.5795,0.6189,0.5739,0.602,486.754,0.25927
12/26/2022,2022-12-26,0.602,0.6022,0.5942,0.5966,124.504,0.265297
12/27/2022,2022-12-27,0.5966,0.6137,0.5931,0.5996,235.841,0.26037
12/28/2022,2022-12-28,0.5996,0.6094,0.5996,0.609,89.225,0.248378
12/29/2022,2022-12-29,0.609,0.6338,0.5997,0.6143,693.822,0.24414
12/30/2022,2022-12-30,0.6143,0.6222,0.6103,0.6105,292.902,0.245557
12/31/2022,2022-12-31,0.6105,0.6107,0.5957,0.5973,153.782,0.246466
01/01/2023,2023-01-01,0.5973,0.619,0.5973,0.6159,383.376,0.249771
01/02/2023,2023-01-02,0.6159,0.6159,0.5908,0.5974,269.917,0.253828
01/03/2023,2023-01-03,0.5974,0.6153,0.5727,0.6062,488.309,0.252796
01/04/2023,2023-01-04,0.6062,0.6211,0.5981,0.6127,523.654,0.267677
01/05/2023,2023-01-05,0.6127,0.6136,0.6048,0.6048,185.601,0.269102
01/06/2023,2023-01-06,0.6048,0.6637,0.5989,0.6346,1117,0.278652
01/07/2023,2023-01-07,0.6346,0.7025,0.6245,0.6702,1327,0.277105
01/08/2023,2023-01-08,0.6702,0.711,0.6374,0.6848,1431,0.295218
01/09/2023,2023-01-09,0.6848,0.6848,0.6479,0.6575,696.509,0.317102
01/10/2023,2023-01-10,0.6575,0.6575,0.6252,0.6289,241.304,0.322496
01/11/2023,2023-01-11,0.6289,0.6446,0.6271,0.632,256.987,0.322749
01/12/2023,2023-01-12,0.632,0.6478,0.6139,0.6144,397.112,0.329758
01/13/2023,2023-01-13,0.6144,0.6148,0.5844,0.5885,635.031,0.345771
01/14/2023,2023-01-14,0.5885,0.612,0.5824,0.5873,630.134,0.352552
01/15/2023,2023-01-15,0.5873,0.5911,0.5714,0.5739,241.099,0.350368
01/16/2023,2023-01-16,0.5739,0.5739,0.5429,0.5466,535.61,0.35004
01/17/2023,2023-01-17,0.5466,0.5466,0.5298,0.5347,578.301,0.345761
01/18/2023,2023-01-18,0.5347,0.5362,0.5222,0.5231,363.055,0.326835
01/19/2023,2023-01-19,0.5231,0.5231,0.5049,0.5123,420.367,0.339099
01/20/2023,2023-01-20,0.5123,0.5333,0.506,0.5084,675.938,0.364586
01/21/2023,2023-01-21,0.5084,0.513,0.4781,0.5016,1093,0.369026
01/22/2023,2023-01-22,0.5016,0.5047,0.4936,0.4973,192.481,0.376594
01/23/2023,2023-01-23,0.4973,0.4978,0.4919,0.4927,127.57,0.375504
01/24/2023,2023-01-24,0.4927,0.5157,0.4857,0.5073,849.316,0.359297
01/25/2023,2023-01-25,0.5073,0.5134,0.4796,0.4825,516.083,0.37341
01/26/2023,2023-01-26,0.4825,0.4868,0.4656,0.4841,541.597,0.380059
01/27/2023,2023-01-27,0.4841,0.5233,0.4829,0.5176,656.639,0.388979
01/28/2023,2023-01-28,0.5176,0.5206,0.511,0.5194,173.999,0.382351
01/29/2023,2023-01-29,0.5194,0.5363,0.5148,0.518,356.503,0.396313
01/30/2023,2023-01-30,0.518,0.518,0.4974,0.4975,298.401,0.372511
01/31/2023,2023-01-31,0.4975,0.5049,0.4867,0.4891,272.54,0.390926
02/01/2023,2023-02-01,0.4891,0.4905,0.4789,0.4804,218.427,0.397243
02/02/2023,2023-02-02,0.4804,0.4804,0.4665,0.4714,336.154,0.397563
02/03/2023,2023-02-03,0.4714,0.4715,0.4634,0.4638,215.846,0.404336
02/04/2023,2023-02-04,0.4638,0.4656,0.4557,0.4566,171.783,0.399726
02/05/2023,2023-02-05,0.4566,0.4781,0.4534,0.4781,656.545,0.392472
02/06/2023,2023-02-06,0.4781,0.4984,0.4768,0.496,439.693,0.382421
02/07/2023,2023-02-07,0.496,0.5292,0.4912,0.5264,881.149,0.39921
02/08/2023,2023-02-08,0.5264,0.5328,0.5133,0.5133,410.327,0.394033
02/09/2023,2023-02-09,0.5133,0.5188,0.499,0.5077,395.196,0.362531
02/10/2023,2023-02-10,0.5077,0.5513,0.5071,0.5328,813.111,0.358635
02/11/2023,2023-02-11,0.5328,0.5329,0.5201,0.5208,182.212,0.369202
02/12/2023,2023-02-12,0.5208,0.5215,0.5116,0.5194,176.386,0.364296
02/13/2023,2023-02-13,0.5194,0.5261,0.5132,0.5132,217.334,0.359627
02/14/2023,2023-02-14,0.5132,0.5175,0.4865,0.4912,566.659,0.386441
02/15/2023,2023-02-15,0.4912,0.5042,0.4848,0.4872,347.959,0.418115
02/16/2023,2023-02-16,0.4872,0.4984,0.4851,0.4983,292.914,0.387902
02/17/2023,2023-02-17,0.4983,0.5027,0.4877,0.4946,382.517,0.403943
02/18/2023,2023-02-18,0.4946,0.4948,0.479,0.487,278.698,0.406331
02/19/2023,2023-02-19,0.487,0.5064,0.4868,0.498,351.593,0.400107
02/20/2023,2023-02-20,0.498,0.5011,0.4973,0.4983,132.717,0.404003
02/21/2023,2023-02-21,0.4983,0.5154,0.4983,0.5106,458.321,0.392417
02/22/2023,2023-02-22,0.5106,0.5244,0.5069,0.5137,382.201,0.388921
02/23/2023,2023-02-23,0.5137,0.5166,0.509,0.5165,149.845,0.383023
02/24/2023,2023-02-24,0.5165,0.528,0.5149,0.5266,249.066,0.365819
02/25/2023,2023-02-25,0.5266,0.5357,0.5211,0.5294,348.548,0.362364
02/26/2023,2023-02-26,0.5294,0.5298,0.5212,0.5212,110.705,0.368973
02/27/2023,2023-02-27,0.5212,0.5308,0.5198,0.5255,271.95,0.364899
02/28/2023,2023-02-28,0.5255,0.5447,0.5243,0.5373,259.554,0.352454
03/01/2023,2023-03-01,0.5373,0.5463,0.5299,0.5409,358.33,0.360356
03/02/2023,2023-03-02,0.5409,0.5785,0.5372,0.5679,861.815,0.350206
03/03/2023,2023-03-03,0.5679,0.5868,0.5632,0.5664,502.023,0.342737
03/04/2023,2023-03-04,0.5664,0.5768,0.5663,0.5764,164.069,0.336499
03/05/2023,2023-03-05,0.5764,0.5764,0.57,0.5727,194.635,0.337102
03/06/2023,2023-03-06,0.5727,0.5814,0.5708,0.5777,199.28,0.330821
03/07/2023,2023-03-07,0.5777,0.5777,0.5689,0.5692,121.544,0.330483
03/08/2023,2023-03-08,0.5692,0.5758,0.5687,0.5698,196.781,0.317577
03/09/2023,2023-03-09,0.5698,0.5717,0.5605,0.5668,278.174,0.309678
03/10/2023,2023-03-10,0.5668,0.5724,0.5553,0.5553,258.052,0.315342
03/11/2023,2023-03-11,0.5553,0.5648,0.552,0.5648,242.821,0.307327
03/12/2023,2023-03-12,0.5648,0.5665,0.5453,0.5453,182.142,0.331539
03/13/2023,2023-03-13,0.5453,0.5453,0.5383,0.5439,168.561,0.344585
03/14/2023,2023-03-14,0.5439,0.546,0.5358,0.5446,232.658,0.344308
03/15/2023,2023-03-15,0.5446,0.5617,0.5436,0.5557,399.549,0.324637
03/16/2023,2023-03-16,0.5557,0.5586,0.5507,0.5529,139.566,0.325383
03/17/2023,2023-03-17,0.5529,0.5529,0.52,0.5222,513.069,0.350524
03/18/2023,2023-03-18,0.5222,0.5241,0.5164,0.5232,198.95,0.337711
03/19/2023,2023-03-19,0.5232,0.5232,0.5086,0.51,159.941,0.34601
03/20/2023,2023-03-20,0.51,0.5272,0.5095,0.523,457.054,0.332595
03/21/2023,2023-03-21,0.523,0.5301,0.5053,0.5074,571.419,0.371236
03/22/2023,2023-03-22,0.5074,0.5177,0.4891,0.5096,781.42,0.360613
03/23/2023,2023-03-23,0.5096,0.5104,0.4987,0.5057,141.355,0.372045
03/24/2023,2023-03-24,0.5057,0.5211,0.505,0.5155,310.285,0.360083
03/25/2023,2023-03-25,0.5155,0.5241,0.515,0.5227,150.893,0.351996
03/26/2023,2023-03-26,0.5227,0.5231,0.5129,0.5191,201.621,0.356245
03/27/2023,2023-03-27,0.5191,0.5363,0.5185,0.5275,383.289,0.34551
03/28/2023,2023-03-28,0.5275,0.5281,0.5122,0.5122,183.144,0.368354
03/29/2023,2023-03-29,0.5122,0.5156,0.5015,0.5156,237.019,0.381589
03/30/2023,2023-03-30,0.5156,0.5206,0.5057,0.5091,187.142,0.376459
03/31/2023,2023-03-31,0.5091,0.5095,0.4866,0.4904,591.377,0.398923
04/01/2023,2023-04-01,0.4904,0.4996,0.4792,0.4793,306.944,0.385388
04/02/2023,2023-04-02,0.4793,0.4835,0.4693,0.4747,315.596,0.381753
04/03/2023,2023-04-03,0.4747,0.4849,0.4635,0.4658,513.947,0.387139
04/04/2023,2023-04-04,0.4658,0.4658,0.4526,0.4611,579.981,0.389683
04/05/2023,2023-04-05,0.4611,0.464,0.4419,0.4492,385.471,0.392364
04/06/2023,2023-04-06,0.4492,0.4564,0.4481,0.453,151.609,0.38321
04/07/2023,2023-04-07,0.453,0.4755,0.4449,0.4603,892.669,0.383643
04/08/2023,2023-04-08,0.4603,0.4625,0.4521,0.4538,183.862,0.385635
04/09/2023,2023-04-09,0.4538,0.454,0.4376,0.4418,272.775,0.389693
04/10/2023,2023-04-10,0.4418,0.4454,0.4385,0.4399,173.107,0.396989
04/11/2023,2023-04-11,0.4399,0.4554,0.4308,0.445,658.393,0.401456
04/12/2023,2023-04-12,0.445,0.4521,0.4357,0.4365,243.493,0.406563
04/13/2023,2023-04-13,0.4365,0.4458,0.4206,0.422,456.496,0.425759
04/14/2023,2023-04-14,0.422,0.422,0.4117,0.4124,297.494,0.43833
04/15/2023,2023-04-15,0.4124,0.4226,0.395,0.4077,523.845,0.45328
04/16/2023,2023-04-16,0.4077,0.4108,0.4057,0.4078,126.899,0.451755
04/17/2023,2023-04-17,0.4078,0.4107,0.4067,0.4098,233.217,0.434167
04/18/2023,2023-04-18,0.4098,0.4112,0.3956,0.399,333.092,0.443752
04/19/2023,2023-04-19,0.399,0.4125,0.3989,0.4125,227.81,0.415793
04/20/2023,2023-04-20,0.4125,0.4192,0.4096,0.4141,434.553,0.400731
04/21/2023,2023-04-21,0.4141,0.4216,0.4112,0.4196,193.962,0.382939
04/22/2023,2023-04-22,0.4196,0.4196,0.3991,0.4058,482.167,0.396153
04/23/2023,2023-04-23,0.4058,0.4101,0.3962,0.4026,457.323,0.389
04/24/2023,2023-04-24,0.4026,0.4034,0.3951,0.4005,347.184,0.383916
04/25/2023,2023-04-25,0.4005,0.4063,0.3925,0.3926,382.438,0.394919
04/26/2023,2023-04-26,0.3926,0.3996,0.3868,0.393,456.253,0.401498
04/27/2023,2023-04-27,0.393,0.3938,0.3794,0.3803,449.574,0.409843
04/28/2023,2023-04-28,0.3803,0.3825,0.3722,0.3723,297.295,0.404932
04/29/2023,2023-04-29,0.3723,0.3727,0.3566,0.359,362.68,0.402784
04/30/2023,2023-04-30,0.359,0.364,0.3381,0.3435,578.993,0.397354
05/01/2023,2023-05-01,0.3435,0.3906,0.3405,0.3792,1670,0.386857
05/02/2023,2023-05-02,0.3792,0.3849,0.3745,0.3804,267.211,0.391773
05/03/2023,2023-05-03,0.3804,0.3879,0.3792,0.3809,204.365,0.393942
05/04/2023,2023-05-04,0.3809,0.3944,0.3803,0.3928,269.383,0.387448
05/05/2023,2023-05-05,0.3928,0.3957,0.3839,0.386,270.936,0.394684
05/06/2023,2023-05-06,0.386,0.4334,0.3832,0.4054,657.004,0.380119
05/07/2023,2023-05-07,0.4054,0.4074,0.3974,0.3996,153.852,0.376906
05/08/2023,2023-05-08,0.3996,0.4034,0.3972,0.3974,198.547,0.365828
05/09/2023,2023-05-09,0.3974,0.3986,0.3893,0.3948,249.716,0.363806
05/10/2023,2023-05-10,0.3948,0.3964,0.3847,0.3848,178.292,0.369937
05/11/2023,2023-05-11,0.3848,0.3911,0.3847,0.3873,227.286,0.360039
05/12/2023,2023-05-12,0.3873,0.3901,0.3817,0.3818,166.335,0.370463
05/13/2023,2023-05-13,0.3818,0.3818,0.3762,0.3788,86.884,0.365031
05/14/2023,2023-05-14,0.3788,0.3788,0.3709,0.3756,152.507,0.370761
05/15/2023,2023-05-15,0.3756,0.3763,0.3704,0.3716,143.865,0.367482
05/16/2023,2023-05-16,0.3716,0.3733,0.3674,0.3674,118.885,0.36783
05/17/2023,2023-05-17,0.3674,0.3674,0.3573,0.3588,139.971,0.375425
05/18/2023,2023-05-18,0.3588,0.3619,0.3546,0.3602,241.056,0.372078
05/19/2023,2023-05-19,0.3602,0.361,0.356,0.358,131.774,0.368215
05/20/2023,2023-05-20,0.358,0.3603,0.3579,0.359,105.391,0.366357
05/21/2023,2023-05-21,0.359,0.3658,0.3585,0.3641,244.902,0.360363
05/22/2023,2023-05-22,0.3641,0.3659,0.3534,0.355,294.87,0.367997
05/23/2023,2023-05-23,0.355,0.3598,0.3519,0.3582,262.264,0.370484
05/24/2023,2023-05-24,0.3582,0.37,0.3545,0.3653,475.132,0.364234
05/25/2023,2023-05-25,0.3653,0.3685,0.3638,0.3659,124.228,0.358416
05/26/2023,2023-05-26,0.3659,0.3688,0.3537,0.3581,320.954,0.362884
05/27/2023,2023-05-27,0.3581,0.3659,0.3572,0.3581,188.434,0.366774
05/28/2023,2023-05-28,0.3581,0.3583,0.3475,0.3476,207.635,0.382999
05/29/2023,2023-05-29,0.3476,0.3493,0.3456,0.3467,213.528,0.379138
05/30/2023,2023-05-30,0.3467,0.3573,0.3436,0.3556,502.693,0.377934
05/31/2023,2023-05-31,0.3556,0.3688,0.3537,0.3613,375.613,0.374403
06/01/2023,2023-06-01,0.3613,0.3683,0.3613,0.3672,214.746,0.364724
06/02/2023,2023-06-02,0.3672,0.3871,0.3602,0.374,561.421,0.378304
06/03/2023,2023-06-03,0.374,0.4031,0.3733,0.3981,605.045,0.376028
06/04/2023,2023-06-04,0.3981,0.4033,0.3924,0.4027,231.811,0.377693
06/05/2023,2023-06-05,0.4027,0.4057,0.394,0.3993,370.364,0.352015
06/06/2023,2023-06-06,0.3993,0.4133,0.3967,0.4116,470.471,0.353715
06/07/2023,2023-06-07,0.4116,0.4221,0.4076,0.4203,476.938,0.322278
06/08/2023,2023-06-08,0.4203,0.43,0.4104,0.4221,473.636,0.323157
06/09/2023,2023-06-09,0.4221,0.4292,0.4174,0.4277,366.591,0.295401
06/10/2023,2023-06-10,0.4277,0.4465,0.4226,0.4233,919.711,0.276194
06/11/2023,2023-06-11,0.4233,0.4248,0.4042,0.4057,400.177,0.27263
06/12/2023,2023-06-12,0.4057,0.4117,0.3904,0.4014,481.913,0.275048
06/13/2023,2023-06-13,0.4014,0.4039,0.3906,0.4016,278.753,0.274986
06/14/2023,2023-06-14,0.4016,0.4116,0.3936,0.4091,503.585,0.263226
06/15/2023,2023-06-15,0.4091,0.4123,0.4015,0.4015,259.418,0.261957
06/16/2023,2023-06-16,0.4015,0.4047,0.3955,0.4029,280.544,0.263185
06/17/2023,2023-06-17,0.4029,0.4029,0.3889,0.3934,280.425,0.266928
06/18/2023,2023-06-18,0.3934,0.406,0.3904,0.3969,339.608,0.260963
06/19/2023,2023-06-19,0.3969,0.3969,0.3896,0.3896,189.392,0.263048
06/20/2023,2023-06-20,0.3896,0.3897,0.3808,0.3808,314.589,0.270329
06/21/2023,2023-06-21,0.3808,0.3821,0.3684,0.3764,452.588,0.287
06/22/2023,2023-06-22,0.3764,0.3901,0.3725,0.3836,416.051,0.290313
06/23/2023,2023-06-23,0.3836,0.3961,0.3827,0.3933,262.26,0.296482
06/24/2023,2023-06-24,0.3933,0.3969,0.3911,0.3968,126.773,0.290012
06/25/2023,2023-06-25,0.3968,0.4002,0.3892,0.3997,217.728,0.292325
06/26/2023,2023-06-26,0.3997,0.401,0.3967,0.3971,142.602,0.280354
06/27/2023,2023-06-27,0.3971,0.3974,0.3879,0.3886,243.01,0.28652
06/28/2023,2023-06-28,0.3886,0.3946,0.3863,0.3874,269.584,0.267169
06/29/2023,2023-06-29,0.3874,0.3898,0.3798,0.3809,274.245,0.275564
06/30/2023,2023-06-30,0.3809,0.3926,0.3748,0.3875,566.447,0.286956
07/01/2023,2023-07-01,0.3875,0.396,0.381,0.3918,300.589,0.29234
07/02/2023,2023-07-02,0.3918,0.4021,0.3885,0.3889,337.884,0.292055
07/03/2023,2023-07-03,0.3889,0.3904,0.3853,0.3886,203.973,0.296311
07/04/2023,2023-07-04,0.3886,0.3963,0.3874,0.3889,241.168,0.292615
07/05/2023,2023-07-05,0.3889,0.3927,0.3603,0.3814,586.74,0.284471
07/06/2023,2023-07-06,0.3814,0.3849,0.3774,0.3799,309.2,0.2797
07/07/2023,2023-07-07,0.3799,0.386,0.3721,0.3782,437.977,0.284525
07/08/2023,2023-07-08,0.3782,0.3806,0.3685,0.3688,334.825,0.290651
07/09/2023,2023-07-09,0.3688,0.3751,0.3685,0.3743,160.456,0.284591
07/10/2023,2023-07-10,0.3743,0.3764,0.3683,0.3708,272.046,0.287991
07/11/2023,2023-07-11,0.3708,0.3764,0.3603,0.3696,498.298,0.292818
07/12/2023,2023-07-12,0.3696,0.3782,0.3665,0.3761,264.267,0.288758
07/13/2023,2023-07-13,0.3761,0.4246,0.3738,0.4111,2537,0.357658
07/14/2023,2023-07-14,0.4111,0.441,0.3906,0.4299,1657,0.328801
07/15/2023,2023-07-15,0.4299,0.4406,0.4224,0.4329,671.957,0.326365
07/16/2023,2023-07-16,0.4329,0.4359,0.4237,0.4264,420.878,0.314884
07/17/2023,2023-07-17,0.4264,0.4264,0.4114,0.414,381.354,0.312489
07/18/2023,2023-07-18,0.414,0.4166,0.3936,0.4006,403.78,0.307399
07/19/2023,2023-07-19,0.4006,0.4006,0.3767,0.3809,917.021,0.323513
07/20/2023,2023-07-20,0.3809,0.3854,0.3731,0.3802,708.983,0.316093
07/21/2023,2023-07-21,0.3802,0.4104,0.3802,0.4006,663.374,0.313292
07/22/2023,2023-07-22,0.4006,0.4205,0.3926,0.4054,496.015,0.309772
07/23/2023,2023-07-23,0.4054,0.4118,0.4006,0.4054,381.66,0.317163
07/24/2023,2023-07-24,0.4054,0.4133,0.4023,0.4069,352.357,0.305309
07/25/2023,2023-07-25,0.4069,0.4111,0.4034,0.4059,310.44,0.304017
07/26/2023,2023-07-26,0.4059,0.4113,0.3978,0.4057,549.164,0.306641
07/27/2023,2023-07-27,0.4057,0.4057,0.3974,0.3996,352.497,0.307525
07/28/2023,2023-07-28,0.3996,0.41,0.393,0.3976,464.872,0.310201
07/29/2023,2023-07-29,0.3976,0.4092,0.3888,0.3946,678.697,0.312765
07/30/2023,2023-07-30,0.3946,0.3946,0.3797,0.3854,361.553,0.315633
07/31/2023,2023-07-31,0.3854,0.3876,0.3786,0.386,197.031,0.307488
08/01/2023,2023-08-01,0.386,0.3928,0.3753,0.383,405.591,0.309951
08/02/2023,2023-08-02,0.383,0.383,0.3754,0.3782,331.094,0.299389
08/03/2023,2023-08-03,0.3782,0.3943,0.3718,0.3919,743.561,0.292576
08/04/2023,2023-08-04,0.3919,0.4365,0.3858,0.4242,2293,0.293388
08/05/2023,2023-08-05,0.4242,0.4457,0.4228,0.4391,1137,0.293629
08/06/2023,2023-08-06,0.4391,0.4741,0.4381,0.4669,1225,0.292082
08/07/2023,2023-08-07,0.4669,0.4805,0.455,0.4658,778.426,0.290296
08/08/2023,2023-08-08,0.4658,0.4826,0.4655,0.4826,686.751,0.297745
08/09/2023,2023-08-09,0.4826,0.4837,0.4533,0.4575,468.658,0.30114
08/10/2023,2023-08-10,0.4575,0.4591,0.4499,0.4591,131.104,0.29613
08/11/2023,2023-08-11,0.4591,0.4615,0.4511,0.455,204.454,0.29345
08/12/2023,2023-08-12,0.455,0.458,0.4544,0.4545,78.27,0.291837
08/13/2023,2023-08-13,0.4545,0.4561,0.4484,0.4488,114.12,0.289531
08/14/2023,2023-08-14,0.4488,0.4488,0.4337,0.446,341.495,0.290611
08/15/2023,2023-08-15,0.446,0.449,0.4414,0.4422,273.967,0.281817
08/16/2023,2023-08-16,0.4422,0.443,0.4212,0.4212,326.568,0.274532
08/17/2023,2023-08-17,0.4212,0.4245,0.4058,0.4169,578.255,0.255958
08/18/2023,2023-08-18,0.4169,0.417,0.3907,0.4025,918.418,0.263892
08/19/2023,2023-08-19,0.4025,0.4058,0.3931,0.3938,406.562,0.268378
08/20/2023,2023-08-20,0.3938,0.4068,0.3926,0.4,586.941,0.270709
08/21/2023,2023-08-21,0.4,0.4178,0.3976,0.4013,550.957,0.263179
08/22/2023,2023-08-22,0.4013,0.4265,0.4005,0.4197,533.623,0.258366
08/23/2023,2023-08-23,0.4197,0.4197,0.4078,0.4083,195.253,0.267965
08/24/2023,2023-08-24,0.4083,0.4112,0.4071,0.4105,99.006,0.265884
08/25/2023,2023-08-25,0.4105,0.4161,0.4055,0.4136,280.228,0.26108
08/26/2023,2023-08-26,0.4136,0.4287,0.3975,0.4096,501.963,0.260953
08/27/2023,2023-08-27,0.4096,0.4247,0.4091,0.4172,275.538,0.263446
08/28/2023,2023-08-28,0.4172,0.4175,0.4093,0.4106,310.176,0.267434
08/29/2023,2023-08-29,0.4106,0.4174,0.405,0.4137,296.261,0.272449
08/30/2023,2023-08-30,0.4137,0.4171,0.4038,0.4115,199.783,0.265654
08/31/2023,2023-08-31,0.4115,0.4214,0.4092,0.4154,172.597,0.255373
09/01/2023,2023-09-01,0.4154,0.4304,0.4102,0.4204,666.115,0.255185
09/02/2023,2023-09-02,0.4204,0.4214,0.4113,0.4181,171.935,0.25623
09/03/2023,2023-09-03,0.4181,0.4212,0.4146,0.4207,79.133,0.255793
09/04/2023,2023-09-04,0.4207,0.4359,0.4159,0.4255,227.511,0.256146
09/05/2023,2023-09-05,0.4255,0.433,0.4219,0.4293,234.79,0.257614
09/06/2023,2023-09-06,0.4293,0.4293,0.4257,0.4278,139.075,0.257667
09/07/2023,2023-09-07,0.4278,0.4292,0.4252,0.4264,96.318,0.25772
09/08/2023,2023-09-08,0.4264,0.4377,0.4257,0.4354,234.009,0.25437
09/09/2023,2023-09-09,0.4354,0.4363,0.4311,0.4312,125.021,0.253492
09/10/2023,2023-09-10,0.4312,0.4424,0.4312,0.4402,172.745,0.249052
09/11/2023,2023-09-11,0.4402,0.4411,0.4314,0.4352,290.626,0.241873
09/12/2023,2023-09-12,0.4352,0.4364,0.3966,0.4233,541.79,0.24587
09/13/2023,2023-09-13,0.4233,0.4258,0.4227,0.4254,68.494,0.248884
09/14/2023,2023-09-14,0.4254,0.4317,0.4204,0.4267,177.834,0.251181
09/15/2023,2023-09-15,0.4267,0.4314,0.4085,0.4212,436.727,0.250643
09/16/2023,2023-09-16,0.4212,0.4311,0.4212,0.4279,199.178,0.250436
09/17/2023,2023-09-17,0.4279,0.4488,0.4252,0.4288,312.152,0.247316
09/18/2023,2023-09-18,0.4288,0.4308,0.4243,0.4278,105.666,0.251743
09/19/2023,2023-09-19,0.4278,0.4292,0.4199,0.4283,223.836,0.25526
09/20/2023,2023-09-20,0.4283,0.431,0.4251,0.4286,104.97,0.25163
09/21/2023,2023-09-21,0.4286,0.4439,0.4258,0.4382,207.599,0.245455
09/22/2023,2023-09-22,0.4382,0.447,0.4363,0.4459,129.037,0.244922
09/23/2023,2023-09-23,0.4459,0.475,0.4459,0.472,577.601,0.246133
09/24/2023,2023-09-24,0.472,0.4782,0.4671,0.478,110.486,0.243026
09/25/2023,2023-09-25,0.478,0.4818,0.4713,0.4719,293.849,0.245881
09/26/2023,2023-09-26,0.4719,0.4769,0.4628,0.4731,286.936,0.245395
09/27/2023,2023-09-27,0.4731,0.4847,0.4729,0.4834,194.374,0.244791
09/28/2023,2023-09-28,0.4834,0.5016,0.4824,0.4848,522.52,0.24912
09/29/2023,2023-09-29,0.4848,0.5026,0.4828,0.493,500.033,0.249536
09/30/2023,2023-09-30,0.493,0.504,0.4872,0.4899,315.453,0.254047
10/01/2023,2023-10-01,0.4899,0.4899,0.473,0.4742,249.723,0.265895
10/02/2023,2023-10-02,0.4742,0.4944,0.4742,0.487,439.565,0.259513
10/03/2023,2023-10-03,0.487,0.4923,0.4698,0.4913,446.504,0.261028
10/04/2023,2023-10-04,0.4913,0.5104,0.4913,0.5083,340.683,0.259315
10/05/2023,2023-10-05,0.5083,0.5253,0.503,0.5247,610.734,0.260149
10/06/2023,2023-10-06,0.5247,0.5555,0.5247,0.5533,511.694,0.264872
10/07/2023,2023-10-07,0.5533,0.5927,0.5533,0.5805,645.178,0.258735
10/08/2023,2023-10-08,0.5805,0.5864,0.5593,0.5621,516.844,0.256629
10/09/2023,2023-10-09,0.5621,0.57,0.5339,0.5435,633.023,0.251642
10/10/2023,2023-10-10,0.5435,0.5593,0.541,0.5478,523.555,0.249141
10/11/2023,2023-10-11,0.5478,0.5505,0.521,0.5224,240.869,0.248001
10/12/2023,2023-10-12,0.5224,0.5289,0.5134,0.5142,374.419,0.245922
10/13/2023,2023-10-13,0.5142,0.5209,0.5094,0.5136,251.572,0.246146
10/14/2023,2023-10-14,0.5136,0.5172,0.5127,0.5161,126.343,0.247011
10/15/2023,2023-10-15,0.5161,0.5217,0.5077,0.5151,381.45,0.247356
10/16/2023,2023-10-16,0.5151,0.5179,0.4999,0.5179,399.636,0.251563
10/17/2023,2023-10-17,0.5179,0.5243,0.5124,0.5234,248.689,0.247115
10/18/2023,2023-10-18,0.5234,0.5578,0.5234,0.5543,522.449,0.243453
10/19/2023,2023-10-19,0.5543,0.5572,0.5135,0.5279,555.013,0.246923
10/20/2023,2023-10-20,0.5279,0.5359,0.5217,0.5235,244.79,0.251138
10/21/2023,2023-10-21,0.5235,0.5301,0.5129,0.5148,286.461,0.258585
10/22/2023,2023-10-22,0.5148,0.5192,0.4998,0.506,334.375,0.263573
10/23/2023,2023-10-23,0.506,0.5154,0.4975,0.5043,572.924,0.279954
10/24/2023,2023-10-24,0.5043,0.5065,0.4858,0.4928,469.793,0.278993
10/25/2023,2023-10-25,0.4928,0.4972,0.4882,0.4896,208.288,0.280556
10/26/2023,2023-10-26,0.4896,0.4919,0.4756,0.4772,402.424,0.287292
10/27/2023,2023-10-27,0.4772,0.4844,0.4704,0.4739,342.338,0.289468
10/28/2023,2023-10-28,0.4739,0.4739,0.4591,0.4673,399.476,0.29125
10/29/2023,2023-10-29,0.4673,0.4724,0.4524,0.4622,419.863,0.295283
10/30/2023,2023-10-30,0.4622,0.4661,0.4397,0.4565,561.062,0.302734
10/31/2023,2023-10-31,0.4565,0.4767,0.453,0.459,437.561,0.293107
11/01/2023,2023-11-01,0.459,0.4639,0.4378,0.4391,485.731,0.307459
11/02/2023,2023-11-02,0.4391,0.4414,0.4259,0.4301,682.775,0.323142
11/03/2023,2023-11-03,0.4301,0.4398,0.4279,0.4319,293.069,0.329021
11/04/2023,2023-11-04,0.4319,0.4349,0.4226,0.423,176.951,0.328542
11/05/2023,2023-11-05,0.423,0.4258,0.4034,0.4108,425.708,0.34287
11/06/2023,2023-11-06,0.4108,0.4141,0.3949,0.4001,570.646,0.363408
11/07/2023,2023-11-07,0.4001,0.4118,0.3931,0.4059,493.174,0.351571
11/08/2023,2023-11-08,0.4059,0.4309,0.4006,0.4309,405.416,0.35835
11/09/2023,2023-11-09,0.4309,0.4399,0.4177,0.4184,738.246,0.368335
11/10/2023,2023-11-10,0.4184,0.423,0.4126,0.4126,266.819,0.38621
11/11/2023,2023-11-11,0.4126,0.4163,0.3926,0.3958,343.644,0.384564
11/12/2023,2023-11-12,0.3958,0.3962,0.3841,0.3931,262.218,0.383383
11/13/2023,2023-11-13,0.3931,0.3945,0.3838,0.3841,304.68,0.358415
11/14/2023,2023-11-14,0.3841,0.3884,0.3824,0.3851,259.471,0.35787
11/15/2023,2023-11-15,0.3851,0.3876,0.3781,0.3784,190.495,0.379292
11/16/2023,2023-11-16,0.3784,0.3805,0.3482,0.3714,635.817,0.371766
11/17/2023,2023-11-17,0.3714,0.3785,0.3688,0.3729,371.023,0.366609
11/18/2023,2023-11-18,0.3729,0.3816,0.3651,0.3657,399.27,0.377694
11/19/2023,2023-11-19,0.3657,0.3778,0.3631,0.3715,416.516,0.384525
11/20/2023,2023-11-20,0.3715,0.3721,0.3602,0.3646,200.22,0.380682
11/21/2023,2023-11-21,0.3646,0.3663,0.3567,0.3568,388.105,0.358631
11/22/2023,2023-11-22,0.3568,0.3609,0.3528,0.3594,384.114,0.38066
11/23/2023,2023-11-23,0.3594,0.3669,0.3568,0.3609,332.031,0.386675
11/24/2023,2023-11-24,0.3609,0.3643,0.3533,0.3542,352.23,0.386213
11/25/2023,2023-11-25,0.3542,0.3633,0.3405,0.3419,491.422,0.394811
11/26/2023,2023-11-26,0.3419,0.3447,0.3321,0.3415,478.068,0.388185
11/27/2023,2023-11-27,0.3415,0.3473,0.334,0.3388,306.303,0.378359
11/28/2023,2023-11-28,0.3388,0.3443,0.3311,0.3358,458.909,0.385624
11/29/2023,2023-11-29,0.3358,0.3367,0.3226,0.3316,682.131,0.381776
11/30/2023,2023-11-30,0.3316,0.3538,0.3222,0.3528,658.321,0.375895
12/01/2023,2023-12-01,0.3528,0.3829,0.3507,0.3793,669.698,0.384202
12/02/2023,2023-12-02,0.3793,0.3793,0.3467,0.3661,733.341,0.397798
12/03/2023,2023-12-03,0.3661,0.3725,0.3561,0.357,397.713,0.395155
12/04/2023,2023-12-04,0.357,0.3598,0.3417,0.3464,449.654,0.406811
12/05/2023,2023-12-05,0.3464,0.3527,0.337,0.3372,518.269,0.425658
12/06/2023,2023-12-06,0.3372,0.3419,0.325,0.3312,673.115,0.442406
12/07/2023,2023-12-07,0.3312,0.3414,0.3285,0.3334,559.351,0.456432
12/08/2023,2023-12-08,0.3334,0.3363,0.314,0.3164,738.402,0.545921
12/09/2023,2023-12-09,0.3164,0.3196,0.3028,0.3091,844.428,0.5786
12/10/2023,2023-12-10,0.3091,0.3184,0.301,0.3163,610.934,0.594155
12/11/2023,2023-12-11,0.3163,0.3274,0.3143,0.3148,511.33,0.551021
12/12/2023,2023-12-12,0.3148,0.3148,0.2984,0.3087,389.54,0.576407
12/13/2023,2023-12-13,0.3087,0.3087,0.2891,0.2914,462.064,0.665244
12/14/2023,2023-12-14,0.2914,0.3166,0.2904,0.3053,611.509,0.643478
12/15/2023,2023-12-15,0.3053,0.3315,0.3051,0.3315,452.676,0.601408
12/16/2023,2023-12-16,0.3315,0.337,0.3096,0.3185,496.41,0.607609
12/17/2023,2023-12-17,0.3185,0.3201,0.3148,0.3201,146.933,0.580314
12/18/2023,2023-12-18,0.3201,0.3201,0.3033,0.3035,230.49,0.601033
12/19/2023,2023-12-19,0.3035,0.3127,0.3011,0.3066,304.804,0.5766
12/20/2023,2023-12-20,0.3066,0.3184,0.2999,0.3031,530.21,0.589329
12/21/2023,2023-12-21,0.3031,0.3039,0.2916,0.2926,295.094,0.636599
12/22/2023,2023-12-22,0.2926,0.3012,0.2869,0.2906,424.787,0.624216
12/23/2023,2023-12-23,0.2906,0.3037,0.2848,0.2858,333.904,0.614548
12/24/2023,2023-12-24,0.2858,0.2918,0.2741,0.2883,432.549,0.593955
12/25/2023,2023-12-25,0.2883,0.2887,0.2704,0.2707,206.269,0.625721
12/26/2023,2023-12-26,0.2707,0.2769,0.2679,0.2735,379.461,0.608799
12/27/2023,2023-12-27,0.2735,0.2753,0.2658,0.2679,382.835,0.633535
12/28/2023,2023-12-28,0.2679,0.2778,0.2594,0.271,625.488,0.617422
12/29/2023,2023-12-29,0.271,0.2739,0.2142,0.2602,1146,0.608494
12/30/2023,2023-12-30,0.2602,0.2602,0.2512,0.2537,248.768,0.601964
12/31/2023,2023-12-31,0.2537,0.2594,0.2528,0.2581,141.856,0.594205
01/01/2024,2024-01-01,0.2581,0.2659,0.2556,0.2595,368.425,0.62311
01/02/2024,2024-01-02,0.2595,0.2636,0.2582,0.2625,192.202,0.605667
01/03/2024,2024-01-03,0.2625,0.2674,0.2477,0.2515,404.746,0.557286
01/04/2024,2024-01-04,0.2515,0.2631,0.2515,0.2546,397.507,0.570567
01/05/2024,2024-01-05,0.2546,0.262,0.2546,0.2565,174.891,0.541242
01/06/2024,2024-01-06,0.2565,0.2654,0.2529,0.2541,522.047,0.523103
01/07/2024,2024-01-07,0.2541,0.262,0.2526,0.2581,379.866,0.494174
01/08/2024,2024-01-08,0.2581,0.2859,0.2574,0.2775,677.469,0.540936
01/09/2024,2024-01-09,0.2775,0.2826,0.2729,0.2761,324.121,0.511527
01/10/2024,2024-01-10,0.2761,0.2899,0.2754,0.2871,349.022,0.566647
01/11/2024,2024-01-11,0.2871,0.2939,0.2839,0.2848,362.654,0.582179
01/12/2024,2024-01-12,0.2848,0.2892,0.2838,0.2876,130.166,0.547333
01/13/2024,2024-01-13,0.2876,0.298,0.287,0.2958,169.036,0.549336
01/14/2024,2024-01-14,0.2958,0.296,0.2898,0.2913,75.346,0.525981
01/15/2024,2024-01-15,0.2913,9.2913,0.2816,0.2821,93.603,0.528161
01/16/2024,2024-01-16,0.2821,0.2877,0.2739,0.281,295.051,0.535676
01/17/2024,2024-01-17,0.281,9.281,0.2733,0.2733,139.559,0.527029
01/18/2024,2024-01-18,0.2733,0.2746,0.27,0.2706,130.826,0.501874
01/19/2024,2024-01-19,0.2706,0.2824,0.2704,0.2739,237.836,0.503151
01/20/2024,2024-01-20,0.2739,0.2864,0.2735,0.2861,212.182,0.515005
01/21/2024,2024-01-21,0.2861,0.3053,0.2857,0.294,554.736,0.503105
01/22/2024,2024-01-22,0.294,0.2959,0.2903,0.2935,140.75,0.478502
01/23/2024,2024-01-23,0.2935,0.3031,0.2832,0.2942,325.899,0.476749
01/24/2024,2024-01-24,0.2942,0.3067,0.2846,0.3036,458.178,0.476296
01/25/2024,2024-01-25,0.3036,0.3384,0.3036,0.3246,742.843,0.466479
01/26/2024,2024-01-26,0.3246,0.3279,0.3199,0.3263,128.097,0.485294
01/27/2024,2024-01-27,0.3263,0.3362,0.3225,0.3337,422.952,0.486321
01/28/2024,2024-01-28,0.3337,0.3337,0.3272,0.3302,227.206,0.489719
01/29/2024,2024-01-29,0.3302,0.3319,0.3225,0.3234,325.661,0.525275
01/30/2024,2024-01-30,0.3234,0.3315,0.3198,0.3315,276.016,0.514165
01/31/2024,2024-01-31,0.3315,0.3344,0.325,0.3276,325.985,0.498256
02/01/2024,2024-02-01,0.3276,0.333,0.3255,0.3264,225.26,0.507023
02/02/2024,2024-02-02,0.3264,0.3274,0.318,0.3228,239.67,0.513958
02/03/2024,2024-02-03,0.3228,0.3244,0.3209,0.323,103.749,0.512861
02/04/2024,2024-02-04,0.323,0.3266,0.3155,0.3207,208.661,0.494256
02/05/2024,2024-02-05,0.3207,0.3239,0.3148,0.32,148.889,0.49334
02/06/2024,2024-02-06,0.32,0.3204,0.3162,0.3163,78.979,0.498463
02/07/2024,2024-02-07,0.3163,0.3234,0.3163,0.3177,158.948,0.501773
02/08/2024,2024-02-08,0.3177,0.3177,0.3026,0.3058,168.766,0.529269
02/09/2024,2024-02-09,0.3058,0.3074,0.2997,0.3015,142.317,0.540792
02/10/2024,2024-02-10,0.3015,0.3064,0.3013,0.3013,106.052,0.551412
02/11/2024,2024-02-11,0.3013,0.3022,0.2982,0.3015,128.309,0.54141
02/12/2024,2024-02-12,0.3015,0.3058,0.2944,0.2966,131.429,0.560031
02/13/2024,2024-02-13,0.2966,0.2999,0.2928,0.2988,221.907,0.544996
02/14/2024,2024-02-14,0.2988,0.2988,0.2895,0.2952,248.416,0.577302
02/15/2024,2024-02-15,0.2952,0.2952,0.2821,0.2863,239.825,0.608363
02/16/2024,2024-02-16,0.2863,0.3021,0.2856,0.2985,225.386,0.598872
02/17/2024,2024-02-17,0.2985,0.3003,0.2696,0.2898,462.26,0.608346
02/18/2024,2024-02-18,0.2898,0.2912,0.2858,0.2891,106.195,0.618734
02/19/2024,2024-02-19,0.2891,0.295,0.2883,0.2945,177.939,0.631063
02/20/2024,2024-02-20,0.2945,0.3044,0.2931,0.3004,356.247,0.622165
02/21/2024,2024-02-21,0.3004,0.3172,0.3004,0.3088,393.401,0.598458
02/22/2024,2024-02-22,0.3088,0.3166,0.3063,0.3132,265.914,0.585902
02/23/2024,2024-02-23,0.3132,0.3148,0.3051,0.3072,165.591,0.583242
02/24/2024,2024-02-24,0.3072,0.3154,0.2946,0.3046,454.734,0.596696
02/25/2024,2024-02-25,0.3046,0.3245,0.3039,0.3218,311.189,0.591379
02/26/2024,2024-02-26,0.3218,0.3362,0.3213,0.3241,365.585,0.619736
02/27/2024,2024-02-27,0.3241,0.3304,0.32,0.3275,358.089,0.624216
02/28/2024,2024-02-28,0.3275,0.3493,0.3275,0.3381,444.072,0.631059
02/29/2024,2024-02-29,0.3381,0.3381,0.3065,0.3176,556.891,0.655646
03/01/2024,2024-03-01,0.3176,0.3295,0.3132,0.3133,332.648,0.719081
03/02/2024,2024-03-02,0.3133,0.319,0.3097,0.3133,230.914,0.740928
03/03/2024,2024-03-03,0.3133,0.3228,0.3131,0.3228,159.288,0.728238
03/04/2024,2024-03-04,0.3228,0.3444,0.3202,0.3387,641.582,0.771294
03/05/2024,2024-03-05,0.3387,0.3524,0.3262,0.3392,669.038,0.69349
03/06/2024,2024-03-06,0.3392,0.3418,0.3207,0.321,382.023,0.733821
03/07/2024,2024-03-07,0.321,0.3261,0.3146,0.3243,303.157,0.744742
03/08/2024,2024-03-08,0.3243,0.333,0.3188,0.3306,513.575,0.724854
03/09/2024,2024-03-09,0.3306,0.3397,0.328,0.3377,314.097,0.743713
03/10/2024,2024-03-10,0.3377,0.3516,0.3377,0.3483,321.23,0.717227
03/11/2024,2024-03-11,0.3483,0.3772,0.3401,0.3704,614.065,0.77419
03/12/2024,2024-03-12,0.3704,0.3838,0.3649,0.3768,366.205,0.748055
03/13/2024,2024-03-13,0.3768,0.3817,0.3748,0.3759,249.321,0.76458
03/14/2024,2024-03-14,0.3759,0.3817,0.3565,0.3568,297.031,0.750474
03/15/2024,2024-03-15,0.3568,0.3682,0.3509,0.3606,339.947,0.726441
03/16/2024,2024-03-16,0.3606,0.3623,0.3541,0.3605,207.286,0.659535
03/17/2024,2024-03-17,0.3605,0.3605,0.3275,0.357,724.322,0.681099
03/18/2024,2024-03-18,0.357,0.3819,0.357,0.3668,442.118,0.661258
03/19/2024,2024-03-19,0.3668,0.384,0.352,0.3547,1125,0.586914
03/20/2024,2024-03-20,0.3547,0.3553,0.3474,0.348,229.027,0.639481
03/21/2024,2024-03-21,0.348,0.3591,0.3473,0.3542,148.75,0.631868
03/22/2024,2024-03-22,0.3542,0.3703,0.3542,0.3663,202.493,0.613263
03/23/2024,2024-03-23,0.3663,0.3663,0.3429,0.3522,267.658,0.625862
03/24/2024,2024-03-24,0.3522,0.3607,0.342,0.3541,275.098,0.646157
03/25/2024,2024-03-25,0.3541,0.3573,0.3478,0.3528,276.739,0.656949
03/26/2024,2024-03-26,0.3528,0.3529,0.344,0.3444,126.233,0.665034
03/27/2024,2024-03-27,0.3444,0.3474,0.3377,0.3408,183.503,0.648483
03/28/2024,2024-03-28,0.3408,0.3451,0.3373,0.3404,240.317,0.650794
03/29/2024,2024-03-29,0.3404,0.3415,0.3369,0.3393,133.279,0.664403
03/30/2024,2024-03-30,0.3393,0.3414,0.3351,0.3391,121.918,0.644366
03/31/2024,2024-03-31,0.3391,0.3592,0.339,0.3592,186.194,0.650427
04/01/2024,2024-04-01,0.3592,0.3636,0.3562,0.3583,204.303,0.621684
04/02/2024,2024-04-02,0.3583,0.4067,0.3559,0.4047,711.515,0.580987
04/03/2024,2024-04-03,0.4047,0.5013,0.4045,0.4656,4095,0.571278
04/04/2024,2024-04-04,0.4656,0.5943,0.4656,0.5685,3823,0.582955
04/05/2024,2024-04-05,0.5685,0.5888,0.532,0.5362,1742,0.574834
04/06/2024,2024-04-06,0.5362,0.6205,0.5287,0.5935,1253,0.584338
04/07/2024,2024-04-07,0.5935,0.7266,0.5901,0.717,3847,0.589474
04/08/2024,2024-04-08,0.717,0.7376,0.6487,0.6693,2754,0.614159
04/09/2024,2024-04-09,0.6693,0.6694,0.6025,0.6474,2069,0.591893
04/10/2024,2024-04-10,0.6474,0.6803,0.5607,0.5988,1764,0.586255
04/11/2024,2024-04-11,0.5988,0.664,0.5977,0.664,931.675,0.586191
04/12/2024,2024-04-12,0.664,0.6751,0.6202,0.6327,967.018,0.503575
04/13/2024,2024-04-13,0.6327,0.6499,0.5017,0.5801,3333,0.447908
04/14/2024,2024-04-14,0.5801,0.6552,0.5801,0.6552,1025,0.468911
04/15/2024,2024-04-15,0.6552,0.662,0.6236,0.6488,999.057,0.460795
04/16/2024,2024-04-16,0.6488,0.665,0.6455,0.6482,447.601,0.458605
04/17/2024,2024-04-17,0.6482,0.6628,0.6359,0.6625,526.818,0.444295
04/18/2024,2024-04-18,0.6625,0.6946,0.6336,0.6936,1326,0.458144
04/19/2024,2024-04-19,0.6936,0.7084,0.6433,0.6859,1561,0.468784
04/20/2024,2024-04-20,0.6859,0.6869,0.6653,0.6759,280.945,0.505908
04/21/2024,2024-04-21,0.6759,0.6784,0.659,0.6625,350.083,0.499292
