date,open,high,low,close,volume
2022-12-22,3.400000000102,4.166421401253447,1.7010086821410078,1.9587843556576061,250919.78337599986
2022-12-23,1.9587843556576061,3.090843221285606,1.468304714878601,2.029720673177209,140844.54049799993
2022-12-24,2.029720673177209,2.237662254504708,1.7256732135256465,2.0556309812235405,67556.74676599998
2022-12-25,2.0556309812235405,2.221041160993988,0.7789581202873057,2.0043325103170337,77753.15217300004
2022-12-26,2.0043325103170337,2.208790423126965,1.5518754990396921,1.7300447768972693,115841.77924099998
2022-12-27,1.7300447768972693,1.7989971231213517,1.470050154537919,1.5884821285644726,60997.005162999994
2022-12-28,1.5884821285644726,1.7285905369392773,1.4054431242629377,1.4816900736972396,55826.104968
2022-12-29,1.4816900736972396,1.7283796597381245,1.0660754649548208,1.2680633945020092,123388.64333600008
2022-12-30,1.2680633945020092,1.4064196709371517,0.6982754767188653,1.1421230112085952,110160.47074799992
2022-12-31,1.1421230112085952,1.2634052922221404,1.0735858174075417,1.1285655557828775,26394.219407000004
2023-01-01,1.1285655557828775,1.354481998275705,1.0814163434581008,1.2231899368552237,30554.779464000003
2023-01-02,1.2231899368552237,1.3533602707296655,0.6094237509387355,0.8389929795684925,432522.95078999986
2023-01-03,0.8389929795684925,1.0369333106147998,0.6695994102946433,0.8316337825622225,255238.38665500007
2023-01-04,0.8316337825622225,0.9793333564013894,0.7025179111607445,0.7274247244659996,219958.0054130001
2023-01-05,0.7274247244659996,0.8644536236961312,0.6118876392678342,0.8022607863030855,218098.02312099995
2023-01-06,0.8022607863030855,0.8646409990056872,0.784248292433759,0.7984377329255041,49152.16605300001
2023-01-07,0.7984377329255041,0.8608527802900788,0.6832485570986995,0.7921635896760556,69604.70583400005
2023-01-08,0.7921635896760556,0.9671183187146569,0.7517021147626587,0.8204314427859669,107829.67267600003
2023-01-09,0.8204314427859669,0.9055906837208181,0.7665016622103606,0.8091253873176524,94768.72135999995
2023-01-10,0.8091253873176524,0.8605869504034009,0.6956110778220704,0.7998597151325375,75793.10926400001
2023-01-11,0.7998597151325375,0.8525700792909822,0.70751153838919,0.806214486526207,78932.795998
2023-01-12,0.806214486526207,0.8132764348336828,0.7590793517654517,0.8132764348336828,62247.302352
2023-01-13,0.8132764348336828,0.847150875308309,0.7160999594071459,0.8212047210484693,63129.20200499999
2023-01-14,0.8212047210484693,0.839752467542767,0.7492475618007713,0.7642638522767574,51437.990221000015
2023-01-15,0.7642638522767574,0.8442897415902879,0.7625287315312907,0.7894373617601333,55820.749961
2023-01-16,0.7894373617601333,0.8716573999017734,0.7223412797021636,0.838926252083363,96938.721815
2023-01-17,0.838926252083363,0.838926252083363,0.7742688522225217,0.7961803685506835,24695.642611999996
2023-01-18,0.7961803685506835,0.905514687127755,0.7961803685506835,0.8097767439111674,48311.98114799999
2023-01-19,0.8097767439111674,0.8216331150166188,0.759878463337706,0.8212586352846248,22381.054404000002
2023-01-20,0.8212586352846248,0.851108216921934,0.8132626143709781,0.8214697088938788,25823.697240999998
2023-01-21,0.8214697088938788,0.8417443878172955,0.7739409111784213,0.8101096626673809,35939.973636
2023-01-22,0.8101096626673809,0.887871489825465,0.7905355687439367,0.8550410898768414,33029.700600000004
2023-01-23,0.8550410898768414,0.9576563576797806,0.8550410898768414,0.9334508788077733,50166.86859000001
2023-01-24,0.9334508788077733,0.9334508788077733,0.8618209993577428,0.8853233879265159,25035.210894
2023-01-25,0.8853233879265159,0.9035711717659874,0.8495585492736901,0.8669377830234243,29920.503105
2023-01-26,0.8669377830234243,0.9191151408503341,0.8100420457658533,0.9056804867327019,48985.938001999995
2023-01-27,0.9056804867327019,0.9848779527159858,0.8709046724063471,0.9263653325100448,95928.26724599999
2023-01-28,0.9263653325100448,0.9350306572542196,0.8469423323048908,0.9070026964549421,41424.866719000005
2023-01-29,0.9070026964549421,0.9249485922329928,0.8344290533730486,0.8854939187905713,66283.78547399999
2023-01-30,0.8854939187905713,0.913965929182343,0.8338630212095702,0.8957571766565767,53260.06098
2023-01-31,0.8957571766565767,0.8957571766565767,0.8426475155492648,0.8529440681099785,36755.44445700001
2023-02-01,0.8529440681099785,0.9118329283955506,0.8428257082635087,0.8530452667012676,46579.78711200002
2023-02-02,0.8530452667012676,0.8781717726353959,0.8253370277553777,0.8390803503502448,34881.024341000004
2023-02-03,0.8390803503502448,0.8796248259516536,0.7735783326133271,0.8263312081684365,52957.556457
2023-02-04,0.8263312081684365,0.8877155341056042,0.8247540354275682,0.8692816597307764,31030.728799000004
2023-02-05,0.8692816597307764,0.8744264789975171,0.7735742604578493,0.8006942883114188,41504.156228
2023-02-06,0.8006942883114188,0.900844967941683,0.7986739836553437,0.8943026693777157,43374.08953600001
2023-02-07,0.8943026693777157,1.0506219028304664,0.8027757111167194,0.9898840559382848,151326.50780599992
2023-02-08,0.9898840559382848,1.0202141635512134,0.8574312827816065,0.9008902113012212,71516.68517499998
2023-02-09,0.9008902113012212,0.91830619799126,0.8472151746625216,0.894919895663891,34603.830072000004
2023-02-10,0.894919895663891,0.9118771770387337,0.8765025067320995,0.9070554418064667,10654.991428999998
2023-02-11,0.9070554418064667,0.9101518487527502,0.8263363853543666,0.878425667409446,45341.90216699998
2023-02-12,0.878425667409446,1.080302315277179,0.878425667409446,0.967490061340409,104725.21109199998
2023-02-13,0.967490061340409,0.9747384075658256,0.8874223723647959,0.9390042850993098,29848.848789
2023-02-14,0.9390042850993098,1.0322346650104115,0.89875117330499,0.9285112376663206,52689.69649800001
2023-02-15,0.9285112376663206,0.9505337672173604,0.9006456306441776,0.9310733179102832,26821.072754999997
2023-02-16,0.9310733179102832,0.949221109427621,0.9078175003815739,0.9343673032333089,17002.772389
2023-02-17,0.9343673032333089,0.9553491958229176,0.8656701305071313,0.9141403829389927,50954.808940000024
2023-02-18,0.9141403829389927,0.9141403829389927,0.8619041668825174,0.8883825508123222,23848.442847
2023-02-19,0.8883825508123222,0.900447532651771,0.8614412747862509,0.8973377865528642,19742.163701999998
2023-02-20,0.8973377865528642,0.9714062497708468,0.8888564295331106,0.9132031877101973,56210.05359
2023-02-21,0.9132031877101973,0.9155696786586229,0.8837889202776907,0.888783691020055,13725.762471999997
2023-02-22,0.888783691020055,0.9063445705012037,0.8597199635147706,0.8952179356381158,28259.901006999997
2023-02-23,0.8952179356381158,0.9135174079888237,0.8663820141600315,0.909371208049822,26376.076620000007
2023-02-24,0.909371208049822,0.909371208049822,0.8735076534280366,0.8830817142671532,10875.303104
2023-02-25,0.8830817142671532,0.9021080937596485,0.8689462828061811,0.8803648282752133,24079.903038999997
2023-02-26,0.8803648282752133,0.8803648282752133,0.8673741784660868,0.8718202855442335,8541.800185
2023-02-27,0.8718202855442335,0.9060525341836734,0.8684827361520027,0.8960129760168889,23824.143125999995
2023-02-28,0.8960129760168889,0.8960129760168889,0.8657324363793347,0.8884747854218571,15639.361020999999
2023-03-01,0.8884747854218571,0.8972894316459318,0.8604228966634574,0.8814537431853333,17307.445077999997
2023-03-02,0.8814537431853333,0.9147285175148929,0.8814537431853333,0.9039667851516795,17734.941301
2023-03-03,0.9039667851516795,0.9605166625038276,0.8869869882232686,0.9564616021068375,33653.94528100001
2023-03-04,0.9564616021068375,1.012076047324784,0.9381140800989812,0.9934141894327106,42938.580169
2023-03-05,0.9934141894327106,1.1078965744389184,0.9934141894327106,1.0934027506034547,61816.45442499999
2023-03-06,1.0934027506034547,1.2015235752852447,1.0276136588674618,1.0758889746233111,126464.55428699999
2023-03-07,1.0758889746233111,1.1421332383455882,1.036110673931183,1.1055119055019484,58389.300426
2023-03-08,1.1055119055019484,1.1407525972141574,1.0343197532677566,1.1000219899906298,45138.381624
2023-03-09,1.1000219899906298,1.2290587594729372,1.1000219899906298,1.1708958627010757,55466.51014400001
2023-03-10,1.1708958627010757,1.2424816266389478,1.07215105967112,1.1615245172202844,62512.097608
2023-03-11,1.1615245172202844,1.2093932325065482,0.9937593711623759,1.1778353110548063,105562.60091600002
2023-03-12,1.1778353110548063,1.1924797337269435,1.0398241423996653,1.096311394846862,55980.217522000006
2023-03-13,1.096311394846862,1.1382963041061296,1.0651824834662953,1.0966652911002335,34534.044868
2023-03-14,1.0966652911002335,1.1649406142901877,1.0209211465084902,1.1393604918025833,69698.95633799999
2023-03-15,1.1393604918025833,1.3796783209560315,1.126556179995067,1.3118140104781637,163523.98447599995
2023-03-16,1.3118140104781637,1.4367228663991918,1.243311731755318,1.384699928562377,127113.816034
2023-03-17,1.384699928562377,1.384699928562377,1.2154064355174723,1.2276440001815347,34189.674172
2023-03-18,1.2276440001815347,1.2887439871467374,1.1700624443601608,1.2363903137974823,45979.69968900001
2023-03-19,1.2363903137974823,1.2363903137974823,1.1547125780756455,1.197091787688843,28174.860973999996
2023-03-20,1.197091787688843,1.209444199374343,1.0980542229801433,1.130227563373458,58223.20291400001
2023-03-21,1.130227563373458,1.1972317170688407,1.1020292903316469,1.1810801162428075,46418.679561
2023-03-22,1.1810801162428075,1.1810801162428075,1.1041173110720013,1.1611461468464574,44069.838339
2023-03-23,1.1611461468464574,1.2069233593332584,1.0940835759856555,1.1656844425843473,54455.563447
2023-03-24,1.1656844425843473,1.2139452705871512,1.0855764125267082,1.1938127789486515,48995.10688800002
2023-03-25,1.1938127789486515,1.1981265571640747,1.1264607673228475,1.1627675269418223,20345.671853
2023-03-26,1.1627675269418223,1.187470230525898,1.1228781767592324,1.1801684681572844,20073.572674
2023-03-27,1.1801684681572844,1.232602108402583,1.0916794642959844,1.1370687708176592,106026.44470300003
2023-03-28,1.1370687708176592,1.2411776545416524,1.1198911032453363,1.191030183118958,63203.464791
2023-03-29,1.191030183118958,1.2136744703630602,1.1022448862020295,1.1725797379947802,57420.52392900001
2023-03-30,1.1725797379947802,1.211398008767864,0.9051220962823823,1.0860747950508658,183590.6217270001
2023-03-31,1.0860747950508658,1.1072378467535688,1.0136353900710748,1.1062640860442845,33466.449406
2023-04-01,1.1062640860442845,1.1316632928749704,1.0431574222800015,1.124618110568898,38053.74228
2023-04-02,1.124618110568898,1.182418423861435,1.0873132374143675,1.1421853064134155,49691.441385
2023-04-03,1.1421853064134155,1.1864464224817424,1.0962536461558028,1.1438839201640274,45702.608605
2023-04-04,1.1438839201640274,1.1649091445196371,1.087195653142926,1.150425379439243,25965.119538
2023-04-05,1.150425379439243,1.1529103643878245,1.0246810750697648,1.0498025196695622,76580.26730500002
2023-04-06,1.0498025196695622,1.0726996476343393,0.9579289755845953,1.0519760476609439,74798.72810100002
2023-04-07,1.0519760476609439,1.0519760476609439,0.9670082948200055,1.002468760330339,43296.02271699999
2023-04-08,1.002468760330339,1.0804942149958707,0.9825603257353545,1.0172701511190396,35199.360849000004
2023-04-09,1.0172701511190396,1.0256350448089586,0.9317655084750405,1.0109635763749678,30876.700209
2023-04-10,1.0109635763749678,1.0894319714887852,0.9372310938435886,1.0403247039882526,62059.448617999995
2023-04-11,1.0403247039882526,1.0415258313449687,0.938772644896976,0.9813985737118242,38614.40870000001
2023-04-12,0.9813985737118242,1.0464014752984128,0.9029038731869504,0.9734507989222548,66699.36537900001
2023-04-13,0.9734507989222548,0.9877738560898488,0.8798274372426044,0.9435126158281087,80779.11242300003
2023-04-14,0.9435126158281087,0.9435126158281087,0.844282414716134,0.9303432481784504,71856.60371200001
2023-04-15,0.9303432481784504,0.9651920309130988,0.8853542931306697,0.9460277437849764,35126.788622
2023-04-16,0.9460277437849764,0.9504121480370333,0.8520634696635375,0.9390718463312732,50168.32914400001
2023-04-17,0.9390718463312732,0.9694799039426352,0.8319093787330873,0.9345435235127866,38140.23714599998
2023-04-18,0.9345435235127866,0.9378200555245655,0.8611266696224099,0.920515845481507,37423.509093
2023-04-19,0.920515845481507,0.9560410431418593,0.8889368878735159,0.9187485317519413,28944.697075999997
2023-04-20,0.9187485317519413,0.9294745527454799,0.8997264866422968,0.9136021710040502,17187.072721
2023-04-21,0.9136021710040502,1.02425603657108,0.8790047572183141,0.9186083148073664,72482.54216299998
2023-04-22,0.9186083148073664,1.0230307624862718,0.8692927290270739,0.9401255246562793,69194.26816200001
2023-04-23,0.9401255246562793,0.9512186134174717,0.9004572615373475,0.9262614142536751,19384.78194
2023-04-24,0.9262614142536751,0.9645227875153825,0.871704740101579,0.9231585013462704,41985.53460200001
2023-04-25,0.9231585013462704,0.9783629791851977,0.8536713475493349,0.9479267553553116,64219.221799
2023-04-26,0.9479267553553116,0.9479267553553116,0.8641972797018778,0.9033122332301663,24057.906758
2023-04-27,0.9033122332301663,0.9804745015719034,0.842638120370224,0.9198676204376557,71237.86052800002
2023-04-28,0.9198676204376557,0.9198676204376557,0.8686239808026518,0.9132569270596906,45650.373725000005
2023-04-29,0.9132569270596906,0.9316818187379163,0.8496622289428755,0.9083072385632066,34688.663672999995
2023-04-30,0.9083072385632066,0.9142675134045042,0.8546293880463585,0.8878933406552848,36722.617912999995
2023-05-01,0.8878933406552848,0.9783251758083908,0.8574659407528029,0.9433394951624403,57967.727760999995
2023-05-02,0.9433394951624403,1.0262104166496833,0.8948680412540414,0.9209265740212681,86020.64145300002
2023-05-03,0.9209265740212681,0.9554539667136366,0.8069281877589011,0.918871325546812,78359.155584
2023-05-04,0.918871325546812,0.9237854805034101,0.8720097515621674,0.8981220275089621,56690.71218899999
2023-05-05,0.8981220275089621,0.9132846307878979,0.8570878205161772,0.9002402891844423,28312.48876
2023-05-06,0.9002402891844423,0.9137440284750026,0.8548643138718427,0.9053900430758423,25169.960844
2023-05-07,0.9053900430758423,0.932509538350579,0.8340233458031947,0.8881223358523972,68968.16600299999
2023-05-08,0.8881223358523972,0.8953947124804715,0.8011261830716757,0.8588487825925019,78639.69665299999
2023-05-09,0.8588487825925019,0.9938747787995365,0.7999031760586399,0.8743112414909407,138426.31801799996
2023-05-10,0.8743112414909407,0.9306935978032265,0.8345404213441101,0.8608127252924589,41227.871350999994
2023-05-11,0.8608127252924589,0.9179775242305888,0.8600472068587515,0.8877844282025718,26295.769689
2023-05-12,0.8877844282025718,0.9486512952174256,0.8594983443716113,0.8834779603877383,26834.705226
2023-05-13,0.8834779603877383,0.9322703346612086,0.8135384304501135,0.8747270761687906,44587.04273100001
2023-05-14,0.8747270761687906,0.9115216015672414,0.8141902911258923,0.872877749561037,39184.765277000006
2023-05-15,0.872877749561037,0.9134842565822922,0.8574177029927024,0.8619157481376951,25601.491628000007
2023-05-16,0.8619157481376951,0.8939701011414056,0.8129594851687706,0.8810551246452377,53155.28326
2023-05-17,0.8810551246452377,0.9532406624279983,0.8169023757816146,0.8694763057228535,74204.509161
2023-05-18,0.8694763057228535,0.8845442286240922,0.8278540633844526,0.8823028342476489,22526.788302
2023-05-19,0.8823028342476489,0.8823028342476489,0.7903073785142535,0.84870644173957,50385.295634
2023-05-20,0.84870644173957,0.9049861314047244,0.8168264270058773,0.8521656675481657,64835.27012100001
2023-05-21,0.8521656675481657,0.9699527200452609,0.8026780058618559,0.8227659374299159,96048.11804999996
2023-05-22,0.8227659374299159,0.9538545629363377,0.8134060356919663,0.9040940523814169,83401.06369400003
2023-05-23,0.9040940523814169,0.9181984737767228,0.8281168886652112,0.8540940292418114,119660.33201100002
2023-05-24,0.8540940292418114,0.9403676195775316,0.8344125253215755,0.8674527109817078,74398.015748
2023-05-25,0.8674527109817078,0.9169920712789298,0.843698337576813,0.9014306144051543,58140.83865200002
2023-05-26,0.9014306144051543,0.9360687692363813,0.8549888697860546,0.9097266287833934,53607.035551
2023-05-27,0.9097266287833934,0.9796144277909342,0.8699910203762409,0.9306521320560038,68267.079582
2023-05-28,0.9306521320560038,0.9578654711259157,0.8632545205026289,0.92531495844056,88313.871092
2023-05-29,0.92531495844056,0.9332804250873389,0.8632697892472413,0.8933257353546143,53785.086888
2023-05-30,0.8933257353546143,0.9143908554767065,0.7632857673422749,0.816192104588856,277178.646016
2023-05-31,0.816192104588856,0.8533720684871557,0.7566206977099783,0.7987591838133805,86151.63178200001
2023-06-01,0.7987591838133805,0.8619842691371051,0.6701401551729521,0.7394515226397599,342530.4036390001
2023-06-02,0.7394515226397599,0.752907070542565,0.6804731146297894,0.7074602033532302,187359.07157700002
2023-06-03,0.7074602033532302,0.719403321645809,0.6494872610122566,0.71181438306727,130893.019438
2023-06-04,0.71181438306727,0.8038942843047008,0.7035800917308762,0.7372268208303377,192224.38510200012
2023-06-05,0.7372268208303377,0.783624337823703,0.6982183577957518,0.7432699517187574,123994.72186199996
2023-06-06,0.7432699517187574,0.746235824820863,0.6817607612378057,0.7400234104456201,122745.79854299998
2023-06-07,0.7400234104456201,0.7451176712851327,0.666249317517829,0.6920992985851852,155560.706858
2023-06-08,0.6920992985851852,0.770851845058789,0.6920992985851852,0.7150854064795465,150102.88886299997
2023-06-09,0.7150854064795465,0.7429289785148611,0.710360280441864,0.7123777944647204,70079.43282300001
2023-06-10,0.7123777944647204,0.745858397326789,0.6697180481834533,0.7152340466474811,188146.551419
2023-06-11,0.7152340466474811,0.7362854357451777,0.7003971312459226,0.7036593959066499,39538.03449399999
2023-06-12,0.7036593959066499,0.7688392803841125,0.6906322856581985,0.7274854336385291,121907.49205199999
2023-06-13,0.7274854336385291,0.7610677399129581,0.4236137646357905,0.6316470227540478,519403.07159800007
2023-06-14,0.6316470227540478,0.7430612700077321,0.6316470227540478,0.6880099931936976,173965.26107000007
2023-06-15,0.6880099931936976,0.7514028087768375,0.6674618931873249,0.7332413328685643,105923.79329600002
2023-06-16,0.7332413328685643,0.7600251249072585,0.7174936386295225,0.7503994192559079,63603.676824
2023-06-17,0.7503994192559079,0.751485760553951,0.7129414120167227,0.724326185707965,44537.151707000005
2023-06-18,0.724326185707965,0.7570256099985904,0.7043186777479623,0.7417932045189058,66863.97304299998
2023-06-19,0.7417932045189058,0.746919621948351,0.693851395730859,0.7310670456100109,66014.6547
2023-06-20,0.7310670456100109,0.7657267240147507,0.7209688662506565,0.7398216401752102,62494.28054700001
2023-06-21,0.7398216401752102,0.7813482054891312,0.7239063425514471,0.7239063425514471,173686.59602400006
2023-06-22,0.7239063425514471,0.7583805774717425,0.6965888646919471,0.7358716950036156,85538.80750099999
2023-06-23,0.7358716950036156,0.7687575111526179,0.6935393210059074,0.7105216981581832,96407.985405
2023-06-24,0.7105216981581832,0.7769084338561414,0.7105216981581832,0.7753735819621347,130005.09580799997
2023-06-25,0.7753735819621347,1.1100703718941656,0.7645553879826131,1.0615587639592792,924186.6542560009
2023-06-26,1.0615587639592792,1.537888447613024,1.0615587639592792,1.346077376810764,1444188.014149001
2023-06-27,1.346077376810764,1.4320071248681125,1.205457302953303,1.274016226494813,581392.450242
2023-06-28,1.274016226494813,1.6334170547773452,1.255401940146664,1.4581211419731406,1006934.7450279999
2023-06-29,1.4581211419731406,1.5935537333690013,1.3124224392591095,1.37560020885084,398097.11978199985
2023-06-30,1.37560020885084,2.0020582612855296,1.3669291355202644,1.9583688599310498,1069815.1272870004
2023-07-01,1.9583688599310498,2.1907002195411667,1.7328820639191624,1.8587232546891042,1150118.0866660003
2023-07-02,1.8587232546891042,1.9973286689424448,1.6963269582877587,1.9629171823931508,715227.1725240003
2023-07-03,1.9629171823931508,2.000152871655816,1.587844385073573,1.6029652763384523,622189.1748500002
2023-07-04,1.6029652763384523,1.7987637236635472,1.178702441692688,1.5897408733590301,1585699.2582579982
2023-07-05,1.5897408733590301,1.590300960140558,1.2060277564015625,1.258213723953642,874521.0052369991
2023-07-06,1.258213723953642,1.7352163364913555,1.258213723953642,1.627617082104902,854348.3780900007
2023-07-07,1.627617082104902,1.7070919665363515,1.4309605514473969,1.6308264000452728,446234.39465600014
2023-07-08,1.6308264000452728,1.6974962075803428,1.5609048204614464,1.6226338429640266,177251.85322200012
2023-07-09,1.6226338429640266,1.72296963981267,1.512415659694351,1.6780649807636436,313286.5796900001
2023-07-10,1.6780649807636436,1.7506303928663716,1.5383384386545231,1.700486151939045,522137.1841719998
2023-07-11,1.700486151939045,1.8482300287164346,1.4747287933078232,1.5142613155509268,459006.78747100016
2023-07-12,1.5142613155509268,1.5566912358215002,1.4123101935911129,1.448002937274444,225895.44159499998
2023-07-13,1.448002937274444,1.5343896749776404,1.3325373847004827,1.3548497090983473,376861.35252699984
2023-07-14,1.3548497090983473,1.4632970736852413,1.300191786228241,1.4527142186382398,272243.94256000005
2023-07-15,1.4527142186382398,1.4571727702123283,1.329940524513077,1.3500879028776591,220960.178078
2023-07-16,1.3500879028776591,1.4706808319895177,1.3351439265360303,1.3983957048224318,307828.34180099994
2023-07-17,1.3983957048224318,1.5599458429128814,1.3962668627780617,1.4275456259555848,348584.4217960001
2023-07-18,1.4275456259555848,1.4734859027499834,1.3372001475316642,1.4734859027499834,228329.855227
2023-07-19,1.4734859027499834,1.4923834304423935,1.3469373118574737,1.3979824678780388,216824.36015700005
2023-07-20,1.3979824678780388,1.5300666281448299,1.2371660797231403,1.3294498622289896,433807.396015
2023-07-21,1.3294498622289896,1.3462095820134434,1.2046899309115113,1.280441555888661,240961.603348
2023-07-22,1.280441555888661,1.2815658061778876,1.180952215674872,1.2214401179970211,218448.04935199994
2023-07-23,1.2214401179970211,1.372660420913453,1.1753485510824637,1.229602820051015,365841.93947899994
2023-07-24,1.229602820051015,1.350693067332404,1.185696916997946,1.2888737357602058,307411.159653
2023-07-25,1.2888737357602058,1.330526187588436,1.2198258036755345,1.2240583155799312,165231.378245
2023-07-26,1.2240583155799312,1.2369224528103984,1.1869182378866752,1.1871650420238151,92049.02727300001
2023-07-27,1.1871650420238151,1.2551278610615855,1.114652444609921,1.1628677477230585,310941.478708
2023-07-28,1.1628677477230585,1.2144208533498124,1.1296651287789399,1.1510167421090174,216227.31944900006
2023-07-29,1.1510167421090174,1.2145087548909483,1.1444846425507227,1.193908330667131,170180.96529800002
2023-07-30,1.193908330667131,1.201901166372386,1.0776292855871432,1.124230069200542,152827.85226899997
2023-07-31,1.124230069200542,1.1878858089908886,1.096122881323659,1.1692377582337352,206824.612335
2023-08-01,1.1692377582337352,1.2671751673520373,1.1169632069214541,1.2055470709351115,330048.3861670001
2023-08-02,1.2055470709351115,1.222446948877217,1.152518566184607,1.1915424557263543,148223.235243
2023-08-03,1.1915424557263543,1.26975018166569,1.1652046584719111,1.1995043963249408,270679.2152590001
2023-08-04,1.1995043963249408,1.2294722326241894,1.1009254735467136,1.2294722326241894,236861.05966700002
2023-08-05,1.2294722326241894,1.299087228455564,1.2021025566160415,1.2160751946241954,144451.92199599996
2023-08-06,1.2160751946241954,1.2377317881985272,1.123677726421097,1.1906883035682085,295919.5973629999
2023-08-07,1.1906883035682085,1.2244667377550917,1.1100349377198355,1.1607818462747437,288482.9775239999
2023-08-08,1.1607818462747437,1.3251213257624417,1.1487348540742728,1.2177574363117734,283251.3187180001
2023-08-09,1.2177574363117734,1.3032967629553847,1.1442443156558189,1.26471147699172,268727.233949
2023-08-10,1.26471147699172,1.5613503796254955,1.26471147699172,1.3667823000214727,704545.3082689993
2023-08-11,1.3667823000214727,1.6447961150535688,1.1785401644371467,1.2564173510373169,610904.5819740004
2023-08-12,1.2564173510373169,1.3681066089001817,1.2505822215765572,1.285463447111783,218166.66102000003
2023-08-13,1.285463447111783,1.3085825960724264,1.2111192553167553,1.2165727649837497,199078.07996000003
2023-08-14,1.2165727649837497,1.2845615070824643,1.2098337429231971,1.233365374486296,124745.19074800002
2023-08-15,1.233365374486296,1.2577754131236787,1.1917246854018777,1.2208525054212285,124075.71618400003
2023-08-16,1.2208525054212285,1.2526311209561667,1.1827366599853437,1.2356494088091399,92791.17977800003
2023-08-17,1.2356494088091399,1.3386896465762461,1.1074491119572885,1.223530320307264,287373.484587
2023-08-18,1.223530320307264,1.2661146970078585,1.1782260806272096,1.233904087365572,86944.023492
2023-08-19,1.233904087365572,1.2562902971665932,1.162346473644935,1.2412019512319823,117574.75349800003
2023-08-20,1.2412019512319823,1.2981428482923534,1.2214967988026064,1.2446139835107042,80266.374781
2023-08-21,1.2446139835107042,1.258623061128632,1.208758119664488,1.208758119664488,74015.78762100001
2023-08-22,1.208758119664488,1.2405405979835988,1.1590369942848853,1.192312174053652,144470.11962700004
2023-08-23,1.192312174053652,1.192705226401721,1.160043242893201,1.1845317657145948,83904.86437499999
2023-08-24,1.1845317657145948,1.1858130765596795,1.1320930790917394,1.156429785272096,104951.034446
2023-08-25,1.156429785272096,1.1752090610524315,1.1161115215841304,1.1482405350051808,75961.460547
2023-08-26,1.1482405350051808,1.1737566443163177,1.1307406669771418,1.160578446536692,54257.423087999996
2023-08-27,1.160578446536692,1.1641847552078715,1.0956705623676612,1.129047315322851,120710.49975399997
2023-08-28,1.129047315322851,1.129047315322851,1.0851589085933615,1.113666832641294,46844.221905
2023-08-29,1.113666832641294,1.1198411745719268,1.0596831935001316,1.0883685735066342,57450.128146999996
2023-08-30,1.0883685735066342,1.1090548182154738,1.0592859798597405,1.0823496145659763,77713.36313799999
2023-08-31,1.0823496145659763,1.092459904553219,1.0636534437553802,1.0828397615424752,49955.751284
2023-09-01,1.0828397615424752,1.0997923762094823,1.0645532703428846,1.0807253557857563,61219.55111099999
2023-09-02,1.0807253557857563,1.0874900676150145,1.0698993240642996,1.0867489146690568,16530.173802
2023-09-03,1.0867489146690568,1.0979723605680076,1.0567892289500163,1.0837936299578925,71766.072768
2023-09-04,1.0837936299578925,1.0846815576217854,1.0575017632160926,1.0724588931214147,27442.858083999996
2023-09-05,1.0724588931214147,1.0724588931214147,1.0166832942659112,1.0390910601704988,77142.512964
2023-09-06,1.0390910601704988,1.0438643761376176,0.9143803825775639,0.9576257728253272,345018.3831800003
2023-09-07,0.9576257728253272,0.9734966381878848,0.8835210926421979,0.9724466195561833,180750.46877000006
2023-09-08,0.9724466195561833,1.0228637408488956,0.896371717186889,0.9155160787656453,183793.40087199994
2023-09-09,0.9155160787656453,0.9197768162739787,0.8887699264904024,0.9138290137094766,87945.52984300003
2023-09-10,0.9138290137094766,0.9138290137094766,0.8284931063350909,0.8621186342208552,251921.975499
2023-09-11,0.8621186342208552,0.8877393951754099,0.8209330778521956,0.8668509195449958,161606.40575399995
2023-09-12,0.8668509195449958,0.8800888766518291,0.7864506933490581,0.8632469288528312,270971.876946
2023-09-13,0.8632469288528312,0.8632469288528312,0.7769093127617603,0.8559188452737556,231432.57577099997
2023-09-14,0.8559188452737556,0.8860868132287817,0.788537037767788,0.8033995186549143,180558.81608999995
2023-09-15,0.8033995186549143,0.8134267735481616,0.7033340701741478,0.7384925097579861,231781.73519099996
2023-09-16,0.7384925097579861,0.7703708225886697,0.7227375112706574,0.7473817992020733,207261.943704
2023-09-17,0.7473817992020733,0.7592934380745691,0.7113730604834716,0.7329365456179477,149760.72435699997
2023-09-18,0.7329365456179477,0.791079790591083,0.7082238284125857,0.78209071082441,148656.53112700002
2023-09-19,0.78209071082441,0.8221692077532075,0.7665154735065157,0.8221692077532075,73558.83636500001
2023-09-20,0.8221692077532075,0.8386334094178554,0.7850591969643513,0.7889475553471195,73608.49824599997
2023-09-21,0.7889475553471195,0.7939635452907362,0.5832649063028523,0.6747076085892676,329926.230796
2023-09-22,0.6747076085892676,0.7558034660416197,0.6703110988626226,0.7379289311272303,291902.53991
2023-09-23,0.7379289311272303,0.7379289311272303,0.6975000569687718,0.7105660314468318,103862.16931100005
2023-09-24,0.7105660314468318,0.7278969538088489,0.66245874615113,0.6984987665859359,115778.91254800001
2023-09-25,0.6984987665859359,0.7161542135234098,0.6748463601372136,0.6954626986821029,93885.23286300001
2023-09-26,0.6954626986821029,0.7177266444030226,0.6568057694510897,0.6702283955197752,117747.46477700002
2023-09-27,0.6702283955197752,0.7226893723249632,0.6556470672572529,0.6990154190442344,141762.00119200005
2023-09-28,0.6990154190442344,0.7126880182148514,0.6392760368092494,0.6527920882395115,229425.62726200005
2023-09-29,0.6527920882395115,0.6700115102937076,0.6016527105749078,0.6171680985568118,291164.480962
2023-09-30,0.6171680985568118,0.6791842412327715,0.6171680985568118,0.6405686646819594,217997.87831299988
2023-10-01,0.6405686646819594,0.6785605297984223,0.6176613869510001,0.6346340656248286,141319.54528900003
2023-10-02,0.6346340656248286,0.6575642037162539,0.6071250296963334,0.6422254406110703,158276.647614
2023-10-03,0.6422254406110703,0.8295437923192021,0.6422254406110703,0.7822356405643459,441039.69571199984
2023-10-04,0.7822356405643459,0.8119592271764943,0.6831843154208328,0.726206634225241,489814.4281219999
2023-10-05,0.726206634225241,0.750440713252148,0.617651665091212,0.6981442952780661,173505.11616900002
2023-10-06,0.6981442952780661,0.7140102069220358,0.6200915536417478,0.6552701767091432,287161.88613700017
2023-10-07,0.6552701767091432,0.6896248905286378,0.5987557173511704,0.6160244601348432,233827.041992
2023-10-08,0.6160244601348432,0.6733375451703351,0.6160244601348432,0.6733375451703351,114520.352152
2023-10-09,0.6733375451703351,0.709796338514168,0.6087110528903399,0.654283083694896,215745.29252499994
2023-10-10,0.654283083694896,0.7580409430658968,0.633205153383927,0.7580409430658968,238300.263051
2023-10-11,0.7580409430658968,0.789790158165606,0.6411411104889599,0.7240392707716495,350103.1424509998
2023-10-12,0.7240392707716495,0.7413928255028138,0.6481938679265058,0.7131624623506876,256135.45637
2023-10-13,0.7131624623506876,0.7131624623506876,0.6374779829196389,0.6751112245806155,221528.02215500004
2023-10-14,0.6751112245806155,0.7221049676052599,0.654715614045352,0.6882669169703131,233481.25936700002
2023-10-15,0.6882669169703131,0.9326038726227704,0.6824491335058622,0.7582127612430662,465016.0809280001
2023-10-16,0.7582127612430662,0.9767148814812224,0.7582127612430662,0.8480799886416974,510364.45324099984
2023-10-17,0.8480799886416974,0.8862456313698551,0.7781988412364338,0.7899463183609716,183600.11823300004
2023-10-18,0.7899463183609716,0.95691835231171,0.7899463183609716,0.8198202297627493,261226.38314699996
2023-10-19,0.8198202297627493,0.8264480674962671,0.664817937187346,0.7372407787584745,432929.4035439999
2023-10-20,0.7372407787584745,0.7590764762359433,0.6543631524566781,0.7001832768696451,218715.111764
2023-10-21,0.7001832768696451,0.7590499333350762,0.6663628135890547,0.7278410839343415,160355.06449100003
2023-10-22,0.7278410839343415,0.7295224371628446,0.6736050858899093,0.6967917913992325,92864.37205900002
2023-10-23,0.6967917913992325,0.7155837863754816,0.6658593588244732,0.7023089831439331,137292.36609900004
2023-10-24,0.7023089831439331,0.7264059924535854,0.6690980446815313,0.6864152413897816,104333.52809000007
2023-10-25,0.6864152413897816,0.7010636319463229,0.669600269416015,0.692860569544803,70285.21796600001
2023-10-26,0.692860569544803,0.7084772254173175,0.6607261508139873,0.6727670872740618,122734.54508900004
2023-10-27,0.6727670872740618,0.7042486693329512,0.6474288326253167,0.6744356048051262,185981.65964700008
2023-10-28,0.6744356048051262,0.7751461895197356,0.6613166370189674,0.7360559042694746,246431.176345
2023-10-29,0.7360559042694746,0.7360559042694746,0.6850360614402795,0.6981641058363013,84394.628831
2023-10-30,0.6981641058363013,0.7042633708541961,0.6762905837931642,0.7018309810495728,45677.90398600001
2023-10-31,0.7018309810495728,0.7093200007480985,0.6660476815378346,0.681561806808578,84629.997255
2023-11-01,0.681561806808578,0.7002089270930162,0.6608350949446123,0.6892807050799872,105513.57833300003
2023-11-02,0.6892807050799872,0.7097979154127678,0.6688803648617618,0.6744072166758357,87564.39025700004
2023-11-03,0.6744072166758357,0.6793295289508003,0.6621817150683936,0.6658622772626188,27570.947454999998
2023-11-04,0.6658622772626188,0.6923312945684454,0.6657063653363302,0.6803979482819859,36471.32354899999
2023-11-05,0.6803979482819859,0.6854035740303693,0.6562439684462213,0.6700156998767954,61219.50238000003
2023-11-06,0.6700156998767954,0.6948849780387589,0.6557741741372541,0.6756685257761736,110629.12085300009
2023-11-07,0.6756685257761736,0.6946111878007559,0.5830966996429303,0.6193797366092634,285413.5965660002
2023-11-08,0.6193797366092634,0.6193797366092634,0.5517935047211711,0.5907284367219167,270693.1603449999
2023-11-09,0.5907284367219167,0.6234160237076356,0.5650741520058739,0.5918308919411897,180487.49548500005
2023-11-10,0.5918308919411897,0.6179317334108195,0.5915850458835059,0.5941804883505116,30748.213279
2023-11-11,0.5941804883505116,0.5999035126872353,0.5468375173475047,0.5799915883999262,214719.3755179999
2023-11-12,0.5799915883999262,0.5970043573095771,0.5398826700731935,0.5493586097681457,118237.66415299999
2023-11-13,0.5493586097681457,0.5731640345308991,0.49653882495289486,0.5111004365787338,193843.86120799987
2023-11-14,0.5111004365787338,0.5728383515124047,0.5070545719790223,0.5609402034032785,124054.11787299998
2023-11-15,0.5609402034032785,0.5684232508287493,0.5274512997919132,0.553049854205533,70647.85097199997
2023-11-16,0.553049854205533,0.5573375836937511,0.49184284064494005,0.5045693500970052,174052.68231600014
2023-11-17,0.5045693500970052,0.5300954307530165,0.47016785300557823,0.4898027328829581,231079.1528440001
2023-11-18,0.4898027328829581,0.49900361498002244,0.42850110601157076,0.4723898178241923,297225.0042059999
2023-11-19,0.4723898178241923,0.4723898178241923,0.3919914645428055,0.44945648716952613,333361.9567439999
2023-11-20,0.44945648716952613,0.4637868448056177,0.43801488279482703,0.46145108661469475,53273.122477
2023-11-21,0.46145108661469475,0.46145108661469475,0.4119613354982034,0.4426239122382998,107415.49145999998
2023-11-22,0.4426239122382998,0.4487055649061018,0.4065859615979373,0.4402904954022165,125155.04208800006
2023-11-23,0.4402904954022165,0.4666425540630502,0.4135720785395177,0.4644846236854202,119152.39078500004
2023-11-24,0.4644846236854202,0.4809213981041063,0.41633291029012887,0.444873619231767,113079.48753500004
2023-11-25,0.444873619231767,0.456160308464074,0.42351565372496414,0.44759533553644304,161169.89200899992
2023-11-26,0.44759533553644304,0.4931544879013958,0.4463925187598378,0.459763321915171,105210.11120599997
2023-11-27,0.459763321915171,0.47724504445346316,0.4306690632188676,0.4699186643165826,126665.56935900004
2023-11-28,0.4699186643165826,0.4843308088698579,0.4664480033954064,0.47740369872671334,44839.92825199998
2023-11-29,0.47740369872671334,0.4786195161750888,0.4457689551857301,0.4618458400896334,47145.784997999996
2023-11-30,0.4618458400896334,0.5048806253181283,0.4618284525542904,0.48725751034373066,64487.126651000006
2023-12-01,0.48725751034373066,0.5279781637608315,0.4755823229562857,0.49712522385487196,140550.00641099992
2023-12-02,0.49712522385487196,0.512936246369437,0.46748196308331014,0.49934942122648296,147275.70441000006
2023-12-03,0.49934942122648296,0.5096576444848689,0.4371068328683828,0.4738333390463858,140933.08900700006
2023-12-04,0.4738333390463858,0.5780624487134299,0.4277563289853216,0.5712576297418878,542325.4892240004
2023-12-05,0.5712576297418878,0.5712576297418878,0.46319464912943126,0.5364556137049505,348365.20092799986
2023-12-06,0.5364556137049505,0.5364556137049505,0.48057090342001774,0.507157691878548,266080.7748390002
2023-12-07,0.507157691878548,0.6671298115951406,0.4998205720782239,0.6182454014591889,404261.67455299984
2023-12-08,0.6182454014591889,0.7474028243128774,0.59439920231616,0.6106804259913257,396146.7892680002
2023-12-09,0.6106804259913257,0.6138859896153694,0.5210467488780925,0.5463094481414433,254216.31852700008
2023-12-10,0.5463094481414433,0.5619693341229799,0.503165640185188,0.532472829028354,163103.09686900006
2023-12-11,0.532472829028354,0.5996538683103398,0.5317344746694308,0.5480530108187237,172112.920327
2023-12-12,0.5480530108187237,0.6421698706450035,0.4548602022894994,0.6287688760238779,478995.79383800016
2023-12-13,0.6287688760238779,0.7327239575514836,0.5862208893481571,0.6582006850349809,567315.7719139999
2023-12-14,0.6582006850349809,0.8049299727264959,0.6438850892901294,0.710957876387081,1154930.9455480007
2023-12-15,0.710957876387081,0.9419231251665876,0.7109529413281636,0.7774808901607145,2007041.772801003
2023-12-16,0.7774808901607145,0.7799110544669074,0.6631834343028253,0.739898280712382,640058.3962899998
2023-12-17,0.739898280712382,0.7555905252133688,0.6267755967117032,0.7034721429246465,539099.2822119998
2023-12-18,0.7034721429246465,0.7034762644268002,0.5764341344717778,0.6115009489651809,368805.42034300015
2023-12-19,0.6115009489651809,0.634774555463236,0.571960017762882,0.5986911465974333,293543.0356710001
2023-12-20,0.5986911465974333,0.6920289809292672,0.5986911465974333,0.6655354344220681,315213.5585449999
2023-12-21,0.6655354344220681,0.6655354344220681,0.5518468268063967,0.5838405585974845,297280.3908560001
2023-12-22,0.5838405585974845,0.5864031452872103,0.484367976401738,0.5373850151816308,553892.5969899999
2023-12-23,0.5373850151816308,0.5729962588985075,0.516257138464358,0.5235863302481695,183154.89991
2023-12-24,0.5235863302481695,0.5476085794484747,0.49237501762372765,0.5115236130222601,173751.853825
2023-12-25,0.5115236130222601,0.5115236130222601,0.43465724730329575,0.45319881499517395,287576.98372300004
2023-12-26,0.45319881499517395,0.46872981906279987,0.42201474870392197,0.4430864539789758,137307.49355099996
2023-12-27,0.4430864539789758,0.46534119601158536,0.4283441248049942,0.4548357840409021,119670.20517500007
2023-12-28,0.4548357840409021,0.4798042370412043,0.42099334571430036,0.4421819533893813,122210.74757200008
2023-12-29,0.4421819533893813,0.45050969281845044,0.4233883352708888,0.4251818258714701,59734.800143
2023-12-30,0.4251818258714701,0.4255939497206204,0.37965054823020966,0.37965054823020966,285354.8375760001
2023-12-31,0.37965054823020966,0.4016776723525152,0.36304593839399896,0.37467636688793376,159885.973656
2024-01-01,0.37467636688793376,0.38645975306775715,0.3459250649017655,0.36838769617904527,170006.241908
2024-01-02,0.36838769617904527,0.40953856474063427,0.3630686175101185,0.3822127057733546,324047.58260599995
2024-01-03,0.3822127057733546,0.42427714415964585,0.3822127057733546,0.4006644463627577,116966.49139499999
2024-01-04,0.4006644463627577,0.4120605209636306,0.3672708102092457,0.3768894098902256,86088.68664100002
2024-01-05,0.3768894098902256,0.4009450357754445,0.35495966696451553,0.3580735334268043,146256.09896499998
2024-01-06,0.3580735334268043,0.3929778696194908,0.3435993742171602,0.3522821721730069,194281.52620000002
2024-01-07,0.3522821721730069,0.37126767618100065,0.35141260294164534,0.3648708756567547,52324.11714199998
2024-01-08,0.3648708756567547,0.37596455180945665,0.3457384381350516,0.34738804331133283,87863.391165
2024-01-09,0.34738804331133283,0.36538466542290876,0.3273645868756322,0.3298223159721775,173452.29500800004
2024-01-10,0.3298223159721775,0.34829957970313935,0.3055706071613182,0.3384788279168369,217933.23912899997
2024-01-11,0.3384788279168369,0.34330647572190715,0.31242870679838686,0.3126672335847917,82295.27724799998
2024-01-12,0.3126672335847917,0.3300789420590599,0.3001498973761559,0.3020967166000449,137739.96090600005
2024-01-13,0.3020967166000449,0.3378724106900344,0.2955384557933128,0.33432302660572377,131398.26473600004
2024-01-14,0.33432302660572377,0.35313603515712194,0.32043983741423476,0.3394026323490727,269445.33717900014
2024-01-15,0.3394026323490727,0.36471083341302263,0.33036345131430106,0.35737438879828026,302949.82730700006
2024-01-16,0.35737438879828026,0.35737438879828026,0.30713913635990064,0.3090201942800808,257948.72182999997
2024-01-17,0.3090201942800808,0.3170005919894061,0.2987819432163123,0.30687736402621346,122557.83515100004
2024-01-18,0.30687736402621346,0.31419520082776803,0.29065150892757713,0.29292677636773184,150163.64338700013
2024-01-19,0.29292677636773184,0.2978390510517943,0.2832641547238106,0.29520057217229045,68605.38161400001
2024-01-20,0.29520057217229045,0.29571489191759925,0.26363827289903913,0.26363827289903913,96715.20767599999
2024-01-21,0.26363827289903913,0.265923672997348,0.25509385544277224,0.26447353492296266,44205.39328300002
2024-01-22,0.26447353492296266,0.27290522051870064,0.24565881622188993,0.24967771004544634,138456.36685799994
2024-01-23,0.24967771004544634,0.2564868869435799,0.2334640360581954,0.24621567191204646,137404.39918400004
2024-01-24,0.24621567191204646,0.28840769947026784,0.24377721701771055,0.24826273804949325,142143.33676900007
2024-01-25,0.24826273804949325,0.26740542730578076,0.24098409979689342,0.2571561407634037,92045.08094600002
2024-01-26,0.2571561407634037,0.2664677094761375,0.23719722155676715,0.2520428333959219,246974.67829399995
2024-01-27,0.2520428333959219,0.2645751039352113,0.242382438847964,0.24419646277155835,106189.37830699996
2024-01-28,0.24419646277155835,0.25458044899245036,0.23081882142726173,0.23291301294132602,139017.57508699998
2024-01-29,0.23291301294132602,0.23408393470066177,0.2237828419138619,0.22973495041570702,58401.83219100001
2024-01-30,0.22973495041570702,0.24595124898756654,0.22729827400611055,0.23647937702300087,48507.859881
2024-01-31,0.23647937702300087,0.24037003466000625,0.23260467282974734,0.23531062526734922,24849.914
2024-02-01,0.23531062526734922,0.25310293067935413,0.22763881285898602,0.24548724241353154,94818.17841500005
2024-02-02,0.24548724241353154,0.37564479055549105,0.24548724241353154,0.3260134513161253,779791.0466229994
2024-02-03,0.3260134513161253,0.3822844374760598,0.31317316739434925,0.3481417926343931,321828.65835999994
2024-02-04,0.3481417926343931,0.35771447129912753,0.3382942722330739,0.3547103987965423,75809.67700500005
2024-02-05,0.3547103987965423,0.37402742707010256,0.33583265577240207,0.33727899234603725,149043.7527330001
2024-02-06,0.33727899234603725,0.33794960817751823,0.2999526582662913,0.3149170213317189,208291.11338800006
2024-02-07,0.3149170213317189,0.3397648171369955,0.2874795369121851,0.30851508222157986,245175.55235000004
2024-02-08,0.30851508222157986,0.3329622169275824,0.29009534533236975,0.29740863241626864,244307.33925300013
2024-02-09,0.29740863241626864,0.30184833613897205,0.28075592743787653,0.28486156493089726,106177.13540099998
2024-02-10,0.28486156493089726,0.3092372437680755,0.28016254971521454,0.2935176822574044,116803.51152199997
2024-02-11,0.2935176822574044,0.2940668269841489,0.2673946815667158,0.26949112324691205,84995.08771800001
2024-02-12,0.26949112324691205,0.2753414769784637,0.25115969194546495,0.26608968124422533,101507.39198300005
2024-02-13,0.26608968124422533,0.26745756658139375,0.24691584441701775,0.2537508739975123,99664.92894800004
2024-02-14,0.2537508739975123,0.2810604712979506,0.2537279672387723,0.27542282346984676,133319.84271099995
2024-02-15,0.27542282346984676,0.3132012963423601,0.27330695020957757,0.2899504884361099,134344.84167099994
2024-02-16,0.2899504884361099,0.29322011086164024,0.281840912784443,0.2911515236235732,54321.09807400002
2024-02-17,0.2911515236235732,0.2912278063374929,0.27286318679411886,0.27639687756120834,26374.867693
2024-02-18,0.27639687756120834,0.2789382147734038,0.24793189541539998,0.26229272372696233,171591.38888600012
2024-02-19,0.26229272372696233,0.284652966773287,0.24476258400684903,0.2724402059266289,159703.08519099996
2024-02-20,0.2724402059266289,0.30316792501971135,0.19669487151040355,0.2800502864076616,370526.29476099997
2024-02-21,0.2800502864076616,0.2800502864076616,0.23285993082709905,0.2569289033938144,153541.82625999994
2024-02-22,0.2569289033938144,0.27655816258076266,0.25024745498290707,0.2719721264942712,113931.47972700006
2024-02-23,0.2719721264942712,0.27275457634714906,0.24854680370522322,0.25212355203618436,57711.46363200002
2024-02-24,0.25212355203618436,0.2692868978010364,0.24630067469464847,0.2650032623522302,103984.70991400002
2024-02-25,0.2650032623522302,0.29219251881458147,0.2650032623522302,0.2853944912756334,61025.633089999996
2024-02-26,0.2853944912756334,0.30965548691354844,0.278646597271162,0.3015280317203367,65660.92635
2024-02-27,0.3015280317203367,0.3055938165430412,0.2892468087639142,0.3017053242378247,52740.182423999984
2024-02-28,0.3017053242378247,0.33185118131424535,0.29488874739850857,0.3003531735332093,105614.10329300002
2024-02-29,0.3003531735332093,0.3049045679723393,0.2652389784014111,0.26722048882190896,56251.646895
2024-03-01,0.26722048882190896,0.277276719856291,0.25257584459431554,0.27655128939408163,45655.552229
2024-03-02,0.27655128939408163,0.27655128939408163,0.24477799433625172,0.2708765464723061,172812.8708360001
2024-03-03,0.2708765464723061,0.27827898030622567,0.26509394267793795,0.2771037532064714,70792.72767200001
2024-03-04,0.2771037532064714,0.2771037532064714,0.22772369250209745,0.2308538748251615,92920.142998
2024-03-05,0.2308538748251615,0.24297248573034286,0.21726351803054594,0.23608520683485146,134018.80609800003
2024-03-06,0.23608520683485146,0.24747168236368375,0.21526908285661744,0.22027421774371103,94576.76980400005
2024-03-07,0.22027421774371103,0.22027421774371103,0.20389868876769607,0.20808827518113057,52577.20255
2024-03-08,0.20808827518113057,0.2122555427498066,0.1741696727052931,0.18318086540236575,120242.403665
2024-03-09,0.18318086540236575,0.19005876411395395,0.1676277835289914,0.17413592295525046,79089.33483200001
2024-03-10,0.17413592295525046,0.18780584877202097,0.16237662006694806,0.1734055075315427,74658.735009
2024-03-11,0.1734055075315427,0.182592723992049,0.15194679704693007,0.16124719274163368,91376.50664800005
2024-03-12,0.16124719274163368,0.1640836146017314,0.1538282263039747,0.16374958621151353,48225.47113700001
2024-03-13,0.16374958621151353,0.17212759880302658,0.15104399243677363,0.15782598326204567,46989.399912
2024-03-14,0.15782598326204567,0.17677388091869323,0.1527445510458794,0.17677388091869323,69294.992713
2024-03-15,0.17677388091869323,0.1902909441462049,0.16461717088597635,0.17728628795801274,88803.72406900005
2024-03-16,0.17728628795801274,0.20054583236298681,0.16188621597428454,0.1620561776795703,80691.77902399999
2024-03-17,0.1620561776795703,0.1747975483410601,0.16201638333326454,0.17214637399432892,38666.685198
2024-03-18,0.17214637399432892,0.17759799880502428,0.15191865875102295,0.15502922770384514,60192.34852099996
2024-03-19,0.15502922770384514,0.16427116518038506,0.1501625655314307,0.15224443682410266,66367.36299499999
2024-03-20,0.15224443682410266,0.15916702823249765,0.14017790379893064,0.15514236343018548,74680.845416
2024-03-21,0.15514236343018548,0.16018793163873332,0.14827341858118512,0.15749410495016752,94180.41028799997
2024-03-22,0.15749410495016752,0.16110167889226176,0.1527734257377055,0.16001346109787773,33290.555852
2024-03-23,0.16001346109787773,0.16232894941476939,0.15472997157929763,0.15656670705777107,39789.36589199999
2024-03-24,0.15656670705777107,0.183031651649855,0.14817647748279603,0.17478530565880399,142444.00918800003
2024-03-25,0.17478530565880399,0.20078411129966417,0.15476705592189102,0.18068095888544394,152414.28636500007
2024-03-26,0.18068095888544394,0.20991752505350536,0.18068095888544394,0.1947024222404879,124455.64767399999
2024-03-27,0.1947024222404879,0.22725093285614825,0.19035780278783543,0.22725093285614825,120774.00729799998
2024-03-28,0.22725093285614825,0.22725093285614825,0.19891240996616694,0.21353133085427647,71136.73826499998
2024-03-29,0.21353133085427647,0.2135431374651981,0.199336847647552,0.20641556886728443,63701.797509
2024-03-30,0.20641556886728443,0.2068706324392999,0.19301967475916074,0.20289269792007675,31587.077149000004
2024-03-31,0.20289269792007675,0.20541495563521567,0.20163780848224136,0.20521102790314735,9280.046619
2024-04-01,0.20521102790314735,0.20550449955312977,0.19353965538375775,0.19691758388949837,28740.007917000003
2024-04-02,0.19691758388949837,0.19813115600540548,0.18715888554096194,0.19115605624520415,172883.67611699997
2024-04-03,0.19115605624520415,0.28165140533808103,0.19011710753630837,0.23327328375519157,276097.35974099993
2024-04-04,0.23327328375519157,0.23327328375519157,0.2161549479213155,0.22057145882381657,51950.852047999986
2024-04-05,0.22057145882381657,0.22239505975825793,0.20161549265305811,0.20955316246849223,49717.843336999984
2024-04-06,0.20955316246849223,0.2101180305103809,0.19804967411942317,0.20408481078887078,65778.217761
2024-04-07,0.20408481078887078,0.22128602329970654,0.20408481078887078,0.2180288661714536,71550.78853899999
2024-04-08,0.2180288661714536,0.2180288661714536,0.19815738631432636,0.21252567188426552,57154.38619899999
2024-04-09,0.21252567188426552,0.21754572710644565,0.19856130296980687,0.20927980313401845,63514.66971199999
2024-04-10,0.20927980313401845,0.21086961478536465,0.19045991188993588,0.19989965807917284,71529.59052100002
2024-04-11,0.19989965807917284,0.19989965807917284,0.1796395602845943,0.18539755993855336,104852.60409300003
2024-04-12,0.18539755993855336,0.19271934430319076,0.16529333868126836,0.17306507738659102,65542.57860200001
2024-04-13,0.17306507738659102,0.17813816983999858,0.16228633397559122,0.16675560186094507,43240.264117000006
2024-04-14,0.16675560186094507,0.17552529443535353,0.1621313984843746,0.17511196060980258,85101.07894800001
2024-04-15,0.17511196060980258,0.18108587343322297,0.16117168170575652,0.16935847142037408,71314.82455800001
2024-04-16,0.16935847142037408,0.19471982310361455,0.16935847142037408,0.17483314625106572,61704.33992600002
2024-04-17,0.17483314625106572,0.17974472184882964,0.17366405418044809,0.1743370774579946,8933.890023
2024-04-18,0.1743370774579946,0.17579929920939402,0.16148889022263155,0.17279627753076165,68318.81349100002
2024-04-19,0.17279627753076165,0.1747782754409528,0.15706605661328282,0.1594187382264793,31954.420040999994
2024-04-20,0.1594187382264793,0.16104533550415098,0.14649165341093243,0.15225431640554837,65001.822306999995
2024-04-21,0.15225431640554837,0.15297131208399287,0.14048484335366976,0.14456345132117485,51013.544811999986
2024-04-22,0.14456345132117485,0.15732522338540034,0.12637815815086068,0.1381800801691853,174704.17712100004
2024-04-23,0.1381800801691853,0.1612768544003723,0.13598691533810978,0.15048650644305928,154447.35587100015
2024-04-24,0.15048650644305928,0.1535193127677913,0.13942439457898143,0.14442922840844966,69410.72822
2024-04-25,0.14442922840844966,0.15244717027415577,0.13839920926909505,0.14440275525489552,114272.35969000001
2024-04-26,0.14440275525489552,0.1648111932735368,0.14416122059059502,0.1582672511182614,74922.50729299999
2024-04-27,0.1582672511182614,0.16241868237211904,0.1582672511182614,0.16156097550717777,8767.019172999999
2024-04-28,0.16156097550717777,0.17314155224221173,0.16002725535867876,0.16979412138034203,30334.561123
2024-04-29,0.16979412138034203,0.175923219927392,0.15264051237872614,0.16678089339637117,292811.2417179998
2024-04-30,0.16678089339637117,0.1843259116312318,0.16660680574844744,0.1752148624781175,71136.44318999999
2024-05-01,0.1752148624781175,0.22230942421375594,0.16334110068364782,0.1757286501325378,350297.48032099986
2024-05-02,0.1757286501325378,0.18950237735646502,0.1757286501325378,0.1829224545558161,60011.913154
2024-05-03,0.1829224545558161,0.18544049365331347,0.16561243805795725,0.17363942165407917,92926.46210500001
2024-05-04,0.17363942165407917,0.17367448879308206,0.16342612956450153,0.16342612956450153,59042.15988500001
2024-05-05,0.16342612956450153,0.18468238387662808,0.15919214068144866,0.1621169133896621,131475.43753500006
2024-05-06,0.1621169133896621,0.16443818333449023,0.149607666349893,0.15672315066055076,65004.391152999975
2024-05-07,0.15672315066055076,0.16479170036420263,0.15405805011085774,0.16018939082213146,66475.02902600003
2024-05-08,0.16018939082213146,0.16022639668570368,0.15398337631340644,0.15476534826862284,33612.362396
2024-05-09,0.15476534826862284,0.1564049228899837,0.12806089642022705,0.13950824414843005,109658.896106
2024-05-10,0.13950824414843005,0.14577076316721022,0.12554404002614555,0.13437986759772144,94932.55282399995
2024-05-11,0.13437986759772144,0.13790377805912243,0.12735523819098896,0.13581373538027275,63415.39866999998
2024-05-12,0.13581373538027275,0.1427695136104168,0.13036384920559926,0.13589912054917158,87219.075167
2024-05-13,0.13589912054917158,0.13589943092811949,0.1222501085583617,0.1253597987519136,71729.14386299999
2024-05-14,0.1253597987519136,0.12815161499305877,0.11309727697738164,0.12001003429677648,73280.78749699998
2024-05-15,0.12001003429677648,0.12319949203594681,0.11607563525466985,0.11906695524999221,38706.328548000005
2024-05-16,0.11906695524999221,0.11929121267904401,0.10913925640098869,0.1166861799425096,44966.99810899998
2024-05-17,0.1166861799425096,0.11700913544876604,0.11301173769316693,0.11700913544876604,10203.449634000002
2024-05-18,0.11700913544876604,0.11754070754410526,0.10887784946746495,0.11436907226612163,39863.34643000001
2024-05-19,0.11436907226612163,0.11548514138288019,0.09678804784739202,0.10376048922268623,66921.51006599997
2024-05-20,0.10376048922268623,0.108235453414445,0.08972382239407883,0.0949455350649539,130711.46626100004
2024-05-21,0.0949455350649539,0.12656082200807753,0.0949455350649539,0.11871627507945134,80805.45291699999
2024-05-22,0.11871627507945134,0.11871627507945134,0.10650243458914184,0.1147977803661782,54996.52158999996
2024-05-23,0.1147977803661782,0.11718358489312883,0.1110586365267512,0.11391959193756135,31757.249394999995
2024-05-24,0.11391959193756135,0.11398811413949508,0.09771031585166108,0.10621990774233515,69167.07486699997
2024-05-25,0.10621990774233515,0.11049676502422087,0.10621928234597783,0.11047320350466099,9221.057655999999
2024-05-26,0.11047320350466099,0.11131030136216093,0.10297081395083052,0.10679559506792163,51510.056228999994
2024-05-27,0.10679559506792163,0.11398680464049372,0.10380381392891672,0.10495237901030076,24185.29591799999
2024-05-28,0.10495237901030076,0.10499538644086921,0.10244499751927466,0.10244499751927466,7523.155797000001
2024-05-29,0.10244499751927466,0.10691104613743053,0.10198041736937669,0.1058547786604029,17734.946794
2024-05-30,0.1058547786604029,0.10709352996437939,0.10494843112472091,0.10709352996437939,3946.9176399999997
2024-05-31,0.10709352996437939,0.1108246145608413,0.10313499410881359,0.1053428453650282,40778.549988
2024-06-01,0.1053428453650282,0.10534687877191742,0.0964857603519241,0.09827742410410853,29092.478917
2024-06-02,0.09827742410410853,0.1013918252850476,0.09581956391046215,0.09892724098719488,39269.60446399999
2024-06-03,0.09892724098719488,0.10227656673560959,0.09682607223078889,0.09690065130237363,20585.868735999997
2024-06-04,0.09690065130237363,0.09836433840610577,0.09470283215095572,0.09545100373476659,37307.961539
2024-06-05,0.09545100373476659,0.09770136562961867,0.09130210762839554,0.09130210762839554,36043.057485000005
2024-06-06,0.09130210762839554,0.09344129252276104,0.08977072864149087,0.09344121034099213,20765.141375999992
2024-06-07,0.09344121034099213,0.09819281219844891,0.09185815202257328,0.09195664228656282,63044.58452400001
2024-06-08,0.09195664228656282,0.09195664228656282,0.08932111191035676,0.09112824633561259,29848.520398999994
2024-06-09,0.09112824633561259,0.09112824633561259,0.08500816462064503,0.08683599242595755,81447.525339
2024-06-10,0.08683599242595755,0.0870812313847678,0.08265026462066119,0.0830008795449616,27385.967645
2024-06-11,0.0830008795449616,0.08864942790563225,0.0830008795449616,0.08633891283388788,38651.081932
2024-06-12,0.08633891283388788,0.09475410397635498,0.0830137294780778,0.08853315958083348,31413.744537
2024-06-13,0.08853315958083348,0.08901913528627385,0.083447403961295,0.08901913528627385,23839.94875799999
2024-06-14,0.08901913528627385,0.08910871411011409,0.08438654428776819,0.08520100797019318,11870.634298000003
2024-06-15,0.08520100797019318,0.09444981298802385,0.08500580977005365,0.09361771675350317,69613.391712
2024-06-16,0.09361771675350317,0.09555727760770348,0.08537414141400156,0.08771298252981004,72763.39824900002
2024-06-17,0.08771298252981004,0.08771298252981004,0.07647219194370966,0.08010840866378105,100749.53235800001
2024-06-18,0.08010840866378105,0.08224019429371242,0.0707886252305147,0.0728714678676405,87859.76084100001
2024-06-19,0.0728714678676405,0.09202884194919973,0.0728714678676405,0.08400656601420853,65285.831678
2024-06-20,0.08400656601420853,0.08543299983064453,0.0769468564137976,0.07699872699374782,40572.84585499999
2024-06-21,0.07699872699374782,0.07956737191059486,0.07699872699374782,0.07841588363238984,36511.091006999995
2024-06-22,0.07841588363238984,0.08536201002223448,0.06999085810315744,0.08392577241080308,43017.586766
2024-06-23,0.08392577241080308,0.08448876344087305,0.08059444836947625,0.08355324076393554,39560.36906900001
2024-06-24,0.08355324076393554,0.08355324076393554,0.07667690173015039,0.07959789903369732,44269.24634900001
2024-06-25,0.07959789903369732,0.08436530963940606,0.07857077410991893,0.08404467237001474,23476.617902999995
2024-06-26,0.08404467237001474,0.08806203201028666,0.08404467237001474,0.0862551969699827,17441.484893
2024-06-27,0.0862551969699827,0.0862551969699827,0.08346503769796657,0.08346503769796657,14970.110804
2024-06-28,0.08346503769796657,0.08351123766478481,0.08261913200047663,0.08261913200047663,2154.6770930000002
2024-06-29,0.08261913200047663,0.09072606393760138,0.08261913200047663,0.09013009988850404,42132.070750000006
2024-06-30,0.09013009988850404,0.09173325081873945,0.08769490913963375,0.09077116003446195,55784.876995
2024-07-01,0.09077116003446195,0.09798467408898415,0.08357230065962147,0.09593094901772065,72528.32969
2024-07-02,0.09593094901772065,0.09593094901772065,0.08913342827385469,0.0908796616663748,49818.947188
2024-07-03,0.0908796616663748,0.09138920669568752,0.08903151576529728,0.09016362196959708,16389.292843
2024-07-04,0.09016362196959708,0.09016362196959708,0.0784045886489188,0.08132197259690849,64419.11840699997
2024-07-05,0.08132197259690849,0.09343790498667988,0.07918922867891817,0.088464311194012,36257.02787799999
2024-07-06,0.088464311194012,0.08890273699654212,0.08355445880675676,0.08560345147396729,241944.01579400004
2024-07-07,0.08560345147396729,0.08560345147396729,0.07992502731069549,0.08209374659946617,26028.307558999997
2024-07-08,0.08209374659946617,0.08209374659946617,0.07956233824501108,0.07956233824501108,38741.738161
2024-07-09,0.07956233824501108,0.08148866599772751,0.07787219506700375,0.08148866599772751,13753.836118
2024-07-10,0.08148866599772751,0.08350911764711291,0.07481823207566024,0.07625899644142903,203663.06383800055
2024-07-11,0.07625899644142903,0.07686252683771594,0.07081291647630064,0.07081291647630064,41082.979508
2024-07-12,0.07081291647630064,0.07369995870296546,0.06942785075425344,0.07170065110152196,24803.593117999997
2024-07-13,0.07170065110152196,0.07261372204706977,0.06769617000657159,0.07249011960872037,16155.282564000005
2024-07-14,0.07249011960872037,0.07249011960872037,0.06551836339087623,0.06663371197508286,44307.055793
2024-07-15,0.06663371197508286,0.06881781190794924,0.06663371197508286,0.06881781190794924,24982.713566000002
2024-07-16,0.06881781190794924,0.07004399845149867,0.065030601711572,0.06735712343050362,311842.1719359997
2024-07-17,0.06735712343050362,0.07452320077323005,0.06604881154200637,0.07446928457751352,21323.159781999995
2024-07-18,0.07446928457751352,0.07551990763306925,0.06936452703494783,0.06936452703494783,19532.647342000004
2024-07-19,0.06936452703494783,0.0736261877038076,0.06936205625054008,0.071541874443806,226409.74864100007
2024-07-20,0.071541874443806,0.08235850820426234,0.07103676340577006,0.07914470252296746,21772.094534000003
2024-07-21,0.07914470252296746,0.08178590180481575,0.0679156708499842,0.07323622774411097,39057.74879899999
2024-07-22,0.07323622774411097,0.07712772727742975,0.07179355317091606,0.0728528123959443,16674.946323
2024-07-23,0.0728528123959443,0.07452609244058002,0.06989663938301306,0.07186510176839156,18837.245540999997
2024-07-24,0.07186510176839156,0.08343108786417415,0.071826574351098,0.07708918782456328,313979.09598100017
2024-07-25,0.07708918782456328,0.08163225619827967,0.06622667328521774,0.07263193479802935,38737.30509499999
2024-07-26,0.07263193479802935,0.07339222833379784,0.06509318157969554,0.07103398072787649,54595.655815
2024-07-27,0.07103398072787649,0.07132657323436391,0.06587500199633631,0.06875112212159032,19258.296853
2024-07-28,0.06875112212159032,0.07054935020834387,0.06875112212159032,0.07052812842586688,4723.37886
2024-07-29,0.07052812842586688,0.07175657680070283,0.06477623755885498,0.06829550871397035,30227.549194
2024-07-30,0.06829550871397035,0.07046009083539616,0.06643293656291444,0.06646506514986823,20380.40926300001
2024-07-31,0.06646506514986823,0.06745524992100269,0.05643371558753195,0.06647159646591744,53376.14152200001
2024-08-01,0.06647159646591744,0.06654838977792897,0.061679989809800655,0.0648456750346516,16594.790386
2024-08-02,0.0648456750346516,0.06597221677039584,0.05603910936946418,0.057793222400574426,27546.441478999997
2024-08-03,0.057793222400574426,0.062311520931555016,0.057793222400574426,0.061806507606842906,11066.035227000002
2024-08-04,0.061806507606842906,0.061924155338773886,0.05834744505892211,0.05887186237616868,9238.994728000003
2024-08-05,0.05887186237616868,0.05953325817912931,0.051908510010693035,0.05352239228810667,44987.62744200002
2024-08-06,0.05352239228810667,0.058577206000507566,0.04959969471133114,0.05637362877048134,29633.395358000005
2024-08-07,0.05637362877048134,0.06037015535648444,0.05449490476994999,0.06037015535648444,12053.826632
2024-08-08,0.06037015535648444,0.06037015535648444,0.05488936944392486,0.0549870954437842,8377.417254
2024-08-09,0.0549870954437842,0.05589397871004531,0.05367014158330376,0.05436535819657186,11985.419838999998
2024-08-10,0.05436535819657186,0.05465111827541563,0.05393294320708536,0.054141410135631486,1548.5909489999997
2024-08-11,0.054141410135631486,0.05456298821009724,0.05312207277326245,0.05441547346221149,23738.652194999995
2024-08-12,0.05441547346221149,0.057413988099893974,0.052706505232393314,0.05278373843101519,26719.093297
2024-08-13,0.05278373843101519,0.05662439237097719,0.05278373843101519,0.05662439237097719,8086.952188
2024-08-14,0.05662439237097719,0.05667925050238698,0.05140838367616995,0.05212973364540847,17935.522488999995
2024-08-15,0.05212973364540847,0.05238737896718193,0.04872222368336362,0.050131666576301664,13612.655634
2024-08-16,0.050131666576301664,0.050131666576301664,0.046362642515505446,0.0476794912179077,11481.159363
2024-08-17,0.0476794912179077,0.049202246196261845,0.046634861378504366,0.049170841209606284,7796.329797
2024-08-18,0.049170841209606284,0.0515789984384006,0.048350015278174736,0.04913432673648407,23344.069846999995
2024-08-19,0.04913432673648407,0.04995975870663645,0.047864735305967694,0.04870266817686168,8967.541781999998
2024-08-20,0.04870266817686168,0.04870266817686168,0.04566214363010928,0.04591138528093122,18380.309053
2024-08-21,0.04591138528093122,0.04775643364184515,0.042101636611842956,0.042514990865228336,31828.58044
2024-08-22,0.042514990865228336,0.042514990865228336,0.040998125389997926,0.041036140335458986,6433.064958
2024-08-23,0.041036140335458986,0.04274863177449001,0.041036140335458986,0.0427478204754462,4822.942219999999
2024-08-24,0.0427478204754462,0.04447642030150629,0.04270856480612331,0.04437854414449818,5313.485679000001
2024-08-25,0.04437854414449818,0.04528680106671048,0.04130501297370372,0.04130501297370372,12750.254813000001
2024-08-26,0.04130501297370372,0.041391820975285334,0.04082761013281506,0.04089877060427678,4606.3943389999995
2024-08-27,0.04089877060427678,0.042101710748212305,0.038778904579801106,0.0395227488501634,13985.094323000003
2024-08-28,0.0395227488501634,0.04080370803272339,0.03769918109060926,0.039216067612567955,18383.024368
2024-08-29,0.039216067612567955,0.04265682577457779,0.03673977178584741,0.04082351563980497,37183.37053399999
2024-08-30,0.04082351563980497,0.04117667424952417,0.03522493582779807,0.036139761674954626,36038.095356
2024-08-31,0.036139761674954626,0.037286980545832495,0.03505691096027658,0.0362482543699839,20864.366493
2024-09-01,0.0362482543699839,0.03691614018525401,0.03620409760544775,0.036905568550331024,1113.714324
2024-09-02,0.036905568550331024,0.036905568550331024,0.033552477575513454,0.033552477575513454,7436.72886
2024-09-03,0.033552477575513454,0.03484297505751019,0.033552477575513454,0.03484297505751019,5509.386068
